onset_sec,duration_sec,pitch,velocity,track,channel,id
0.5088136,0.037393127,50,65,0,0,n0
0.7171467,1.3314624,43,54,0,0,n1
0.72783047,1.3181076,31,53,0,0,n2
0.72783047,0.057425156,55,63,0,0,n3
0.8186423,0.06944437,50,64,0,0,n4
0.84802264,0.05341875,57,36,0,0,n5
0.91746706,0.036057655,58,65,0,0,n6
1.1952446,0.08680547,57,69,0,0,n7
1.2713662,0.06677344,50,70,0,0,n8
1.3141012,0.07478625,58,66,0,0,n9
1.4062486,0.03205125,60,65,0,0,n10
1.6613231,0.060096093,58,65,0,0,n11
1.7200837,0.06944437,50,64,0,0,n12
1.7668252,0.07745719,60,61,0,0,n13
1.8536307,0.040064063,62,70,0,0,n14
2.1260662,0.05074781,55,68,0,0,n15
2.179485,0.08680547,50,60,0,0,n16
2.2288973,0.06677344,57,60,0,0,n17
2.315703,0.03205125,58,64,0,0,n18
2.325051,0.034722187,46,63,0,0,n19
2.327722,0.040064063,34,54,0,0,n20
2.5627646,0.044070467,48,79,0,0,n21
2.566771,0.07345078,36,75,0,0,n22
2.5707774,0.048076876,57,48,0,0,n23
2.6322088,0.09481828,58,65,0,0,n24
2.6375508,0.09081188,51,61,0,0,n25
2.7417173,0.042735,60,55,0,0,n26
3.0568879,0.034722187,50,59,0,0,n27
3.0649009,0.07478625,54,53,0,0,n28
3.0675716,0.034722187,38,64,0,0,n29
3.1209905,0.07211531,48,53,0,0,n30
3.1637254,0.078792654,55,54,0,0,n31
3.2812467,0.048076876,57,32,0,0,n32
3.587069,0.060096093,55,39,0,0,n33
3.6017592,0.49812984,31,50,0,0,n34
3.6017592,0.45272392,43,52,0,0,n35
3.637817,0.088140935,50,58,0,0,n36
3.6658616,0.09214734,57,52,0,0,n37
3.772699,0.03205125,58,61,0,0,n38
4.0758505,0.03205125,57,73,0,0,n39
4.241449,0.03338672,54,72,0,0,n40
4.278842,0.037393127,38,66,0,0,n41
4.2828484,0.03205125,50,69,0,0,n42
4.499194,1.2727017,31,66,0,0,n43
4.504536,0.037393127,55,66,0,0,n44
4.505872,1.2860564,43,58,0,0,n45
4.5472713,0.088140935,50,66,0,0,n46
4.620722,0.06810891,57,72,0,0,n47
4.70085,0.028044844,58,64,0,0,n48
4.95726,0.07345078,57,46,0,0,n49
5.0320463,0.06276703,50,58,0,0,n50
5.0667686,0.08146359,58,57,0,0,n51
5.173606,0.03071578,60,59,0,0,n52
5.4220033,0.06944437,58,66,0,0,n53
5.492783,0.05208328,50,61,0,0,n54
5.527505,0.06677344,60,59,0,0,n55
5.612975,0.040064063,62,63,0,0,n56
5.854695,0.06143156,55,65,0,0,n57
5.914791,0.07211531,50,62,0,0,n58
5.9748874,0.0641025,57,57,0,0,n59
6.0630283,0.034722187,58,60,0,0,n60
6.0750475,0.03071578,46,73,0,0,n61
6.0777183,0.03338672,34,63,0,0,n62
6.282045,0.078792654,57,47,0,0,n63
6.294064,0.04139953,48,78,0,0,n64
6.3007417,0.05341875,36,66,0,0,n65
6.3608375,0.0641025,51,56,0,0,n66
6.370186,0.10016016,58,57,0,0,n67
6.4650044,0.037393127,60,61,0,0,n68
6.774833,0.03338672,50,79,0,0,n69
6.7788396,0.044070467,38,72,0,0,n70
6.782846,0.10416656,59,65,0,0,n71
6.8068843,0.10817297,53,67,0,0,n72
6.883006,0.084134534,60,64,0,0,n73
6.9617987,0.048076876,62,68,0,0,n74
7.2596083,0.112179376,60,60,0,0,n75
7.262279,0.093482815,51,85,0,0,n76
7.267621,0.112179376,39,83,0,0,n77
7.2916594,0.09615375,55,67,0,0,n78
7.330388,0.08146359,62,73,0,0,n79
7.4212,0.03205125,63,69,0,0,n80
7.745719,0.08547,59,56,0,0,n81
7.7630796,0.09882469,53,68,0,0,n82
7.8191695,0.08680547,60,67,0,0,n83
7.897962,0.05208328,62,80,0,0,n84
7.911317,0.03205125,50,79,0,0,n85
7.917994,0.04139953,38,71,0,0,n86
8.157043,0.06677344,51,101,0,0,n87
8.158379,0.08279906,60,70,0,0,n88
8.159714,0.09081188,39,94,0,0,n89
8.207791,0.10016016,55,72,0,0,n90
8.243849,0.116185784,62,64,0,0,n91
8.360034,0.078792654,63,63,0,0,n92
8.63247,0.06143156,63,63,0,0,n93
8.6364765,0.065437965,48,100,0,0,n94
8.641818,0.07745719,36,91,0,0,n95
8.665856,0.080128126,55,78,0,0,n96
8.689896,0.14423062,65,76,0,0,n97
8.693902,0.05341875,38,41,0,0,n98
8.811422,0.084134534,67,78,0,0,n99
9.133271,0.17094,50,100,0,0,n100
9.139948,0.15224344,66,78,0,0,n101
9.141284,0.16960452,38,92,0,0,n102
9.163986,0.07478625,54,75,0,0,n103
9.246785,0.09214734,67,70,0,0,n104
9.308217,0.08547,69,70,0,0,n105
9.616711,0.056089688,62,94,0,0,n106
9.871785,0.080128126,50,97,0,0,n107
9.871785,0.08146359,62,83,0,0,n108
10.220343,0.50347173,55,103,0,0,n109
10.224349,0.49946532,46,91,0,0,n110
10.228355,0.4954589,43,86,0,0,n111
10.233697,0.49011704,67,69,0,0,n112
10.292458,0.4313564,62,74,0,0,n113
10.357896,0.36591843,69,67,0,0,n114
10.495449,0.22836515,70,58,0,0,n115
10.731827,0.45806578,50,96,0,0,n116
10.733162,0.4567303,57,108,0,0,n117
10.73984,0.45005298,69,72,0,0,n118
10.797265,0.3926278,62,69,0,0,n119
10.880064,0.30982876,70,66,0,0,n120
11.01094,0.17895281,72,64,0,0,n121
11.216602,0.046741407,58,103,0,0,n122
11.223279,0.04139953,55,92,0,0,n123
11.237969,0.42735,70,70,0,0,n124
11.272692,0.3926278,62,77,0,0,n125
11.343472,0.32184798,72,76,0,0,n126
11.456986,0.20833312,74,70,0,0,n127
11.708055,0.44070467,67,84,0,0,n128
11.774828,0.37393126,62,71,0,0,n129
11.848279,0.30048046,69,68,0,0,n130
11.905704,0.24305531,55,94,0,0,n131
11.90704,0.24171984,46,89,0,0,n132
11.931078,0.21768141,70,79,0,0,n133
12.171462,0.4740914,55,90,0,0,n134
12.175468,0.470085,48,89,0,0,n135
12.175468,0.470085,57,102,0,0,n136
12.17814,0.46741405,69,74,0,0,n137
12.234229,0.41132438,63,66,0,0,n138
12.3116865,0.3338672,70,65,0,0,n139
12.409176,0.23637797,72,70,0,0,n140
12.656238,0.05208328,62,105,0,0,n141
12.662914,0.46741405,50,87,0,0,n142
12.662914,0.46741405,54,94,0,0,n143
12.666921,0.46340767,66,59,0,0,n144
12.773759,0.35657015,60,9,0,0,n145
12.800468,0.32986078,67,72,0,0,n146
12.924666,0.20566219,69,62,0,0,n147
13.155703,0.470085,55,100,0,0,n148
13.158374,0.46741405,46,92,0,0,n149
13.161044,0.46474314,67,79,0,0,n150
13.16238,0.46340767,43,84,0,0,n151
13.267882,0.35790563,62,64,0,0,n152
13.314624,0.31116423,69,53,0,0,n153
13.450841,0.17494641,70,72,0,0,n154
13.669858,0.040064063,69,79,0,0,n155
13.820766,0.048076876,66,73,0,0,n156
13.856824,0.056089688,50,87,0,0,n157
13.868843,0.065437965,62,79,0,0,n158
14.115905,0.48878157,55,109,0,0,n159
14.118576,0.48611063,67,86,0,0,n160
14.119911,0.48477516,43,84,0,0,n161
14.121246,0.48343968,46,87,0,0,n162
14.176001,0.42868546,45,27,0,0,n163
14.192026,0.41265985,62,71,0,0,n164
14.264142,0.34054452,69,58,0,0,n165
14.373651,0.2310361,70,70,0,0,n166
14.624719,0.5448713,69,78,0,0,n167
14.626054,0.54353577,50,92,0,0,n168
14.628725,0.5408648,57,106,0,0,n169
14.70084,0.46874952,62,74,0,0,n170
14.756929,0.41265985,70,77,0,0,n171
14.865103,0.30448687,72,74,0,0,n172
15.181609,0.05341875,58,100,0,0,n173
15.186951,0.05208328,55,94,0,0,n174
15.196299,0.46874952,70,79,0,0,n175
15.233692,0.4313564,62,83,0,0,n176
15.24037,0.42467907,72,74,0,0,n177
15.380593,0.28445485,74,79,0,0,n178
15.657036,0.102831095,75,72,0,0,n179
15.678403,0.08146359,67,65,0,0,n180
15.686416,0.058760624,76,64,0,0,n181
15.790583,0.04540594,77,54,0,0,n182
15.795924,0.09481828,79,63,0,0,n183
15.839994,0.05475422,51,86,0,0,n184
15.848007,0.04540594,39,77,0,0,n185
16.067024,0.078792654,69,69,0,0,n186
16.079044,0.120192185,41,91,0,0,n187
16.079044,0.09214734,53,99,0,0,n188
16.124449,0.08947641,60,61,0,0,n189
16.144482,0.05475422,43,27,0,0,n190
16.16585,0.09615375,70,70,0,0,n191
16.169855,0.044070467,62,37,0,0,n192
16.263338,0.04540594,72,79,0,0,n193
16.521084,0.06810891,74,72,0,0,n194
16.522419,0.12954047,46,102,0,0,n195
16.526426,0.12152766,34,92,0,0,n196
16.58385,0.08947641,65,70,0,0,n197
16.598541,0.14022422,75,75,0,0,n198
16.72808,0.05074781,77,79,0,0,n199
16.99384,0.11351484,67,67,0,0,n200
16.996511,0.17628187,51,101,0,0,n201
17.011202,0.17628187,39,94,0,0,n202
17.065954,0.065437965,45,27,0,0,n203
17.077974,0.09882469,58,71,0,0,n204
17.110025,0.112179376,69,59,0,0,n205
17.188818,0.06276703,70,79,0,0,n206
17.471937,0.45005298,72,66,0,0,n207
17.558743,0.3632475,74,77,0,0,n208
17.566755,0.35523468,63,67,0,0,n209
17.652225,0.2697647,75,84,0,0,n210
17.654898,0.26709375,45,101,0,0,n211
17.660238,0.26175186,33,87,0,0,n212
17.89528,0.16159172,66,72,0,0,n213
17.901958,0.2350425,38,86,0,0,n214
17.901958,0.21768141,50,94,0,0,n215
17.980751,0.09081188,57,54,0,0,n216
18.039513,0.08279906,67,70,0,0,n217
18.115633,0.048076876,69,74,0,0,n218
18.366701,0.15491438,72,72,0,0,n219
18.436146,0.34855735,63,70,0,0,n220
18.454844,0.32986078,74,69,0,0,n221
18.548325,0.23637797,75,79,0,0,n222
18.552332,0.23237157,44,96,0,0,n223
18.556337,0.22836515,32,89,0,0,n224
18.804735,0.18429469,66,65,0,0,n225
18.83278,0.25106812,38,85,0,0,n226
18.839458,0.22435875,50,83,0,0,n227
18.872845,0.13755327,57,71,0,0,n228
18.895548,0.0013354687,48,31,0,0,n229
18.94496,0.11752125,67,66,0,0,n230
19.063816,0.03205125,69,66,0,0,n231
19.312214,0.20432672,72,58,0,0,n232
19.37498,0.16292718,63,70,0,0,n233
19.411037,0.13087593,74,71,0,0,n234
19.51387,0.0641025,75,81,0,0,n235
19.524553,0.057425156,45,97,0,0,n236
19.529896,0.0641025,33,90,0,0,n237
19.626049,0.0013354687,35,3,0,0,n238
19.878452,0.9014414,50,100,0,0,n239
19.883795,1.3060884,38,92,0,0,n240
19.8878,0.18830109,66,77,0,0,n241
19.9292,0.15758531,57,68,0,0,n242
20.02936,0.112179376,67,69,0,0,n243
20.130856,0.060096093,69,68,0,0,n244
20.372576,0.08947641,60,68,0,0,n245
20.434008,0.08680547,57,67,0,0,n246
20.488762,0.0641025,62,68,0,0,n247
20.550194,0.038728595,63,72,0,0,n248
20.802597,0.07345078,54,70,0,0,n249
20.852009,0.07612172,50,66,0,0,n250
20.918783,0.27110016,55,64,0,0,n251
21.01093,0.17895281,57,70,0,0,n252
21.239294,0.040064063,50,80,0,0,n253
21.446293,0.04540594,38,81,0,0,n254
21.450298,0.05475422,50,75,0,0,n255
21.704039,1.3287914,43,89,0,0,n256
21.705374,0.06143156,55,65,0,0,n257
21.708044,1.324785,31,84,0,0,n258
21.748108,0.10950844,50,73,0,0,n259
21.805534,0.09615375,57,66,0,0,n260
21.90703,0.046741407,58,60,0,0,n261
22.196827,0.088140935,57,54,0,0,n262
22.284967,0.08279906,50,63,0,0,n263
22.311676,0.09081188,58,62,0,0,n264
22.40783,0.03338672,60,66,0,0,n265
22.658897,0.37393126,58,62,0,0,n266
22.69095,0.34188,50,77,0,0,n267
22.733685,0.299145,60,65,0,0,n268
22.824497,0.20833312,62,74,0,0,n269
23.096931,0.084134534,55,75,0,0,n270
23.13566,0.10416656,50,75,0,0,n271
23.2011,0.09081188,57,68,0,0,n272
23.287905,0.044070467,58,77,0,0,n273
23.28924,0.049412344,34,74,0,0,n274
23.29191,0.036057655,46,82,0,0,n275
23.51627,0.097489215,57,71,0,0,n276
23.526953,0.14289516,36,87,0,0,n277
23.526953,0.13087593,48,92,0,0,n278
23.556334,0.0013354687,47,57,0,0,n279
23.567017,0.10416656,51,73,0,0,n280
23.596397,0.12152766,58,62,0,0,n281
23.68721,0.05475422,60,69,0,0,n282
23.978342,0.22836515,50,90,0,0,n283
23.978342,0.19497843,59,74,0,0,n284
23.981012,0.23904891,38,81,0,0,n285
23.993032,0.1669336,53,79,0,0,n286
24.094526,0.10950844,60,67,0,0,n287
24.192017,0.034722187,62,69,0,0,n288
24.475136,0.24973266,51,97,0,0,n289
24.47647,0.27911296,39,87,0,0,n290
24.480478,0.1535789,60,75,0,0,n291
24.50051,0.16826907,55,79,0,0,n292
24.58598,0.110843904,62,61,0,0,n293
24.66878,0.05475422,63,72,0,0,n294
24.937208,0.08947641,59,74,0,0,n295
24.963917,0.12553406,53,73,0,0,n296
25.044046,0.084134534,60,73,0,0,n297
25.110819,0.03071578,50,80,0,0,n298
25.117496,0.03338672,38,71,0,0,n299
25.121502,0.065437965,62,78,0,0,n300
25.329836,0.09882469,60,81,0,0,n301
25.335178,0.19764937,51,95,0,0,n302
25.339184,0.27510655,39,95,0,0,n303
25.403286,0.12553406,55,69,0,0,n304
25.47006,0.093482815,62,66,0,0,n305
25.556866,0.042735,63,71,0,0,n306
25.65569,0.07211531,60,78,0,0,n307
25.745167,0.15758531,62,86,0,0,n308
25.754515,0.20032032,50,93,0,0,n309
25.759857,0.22970062,38,84,0,0,n310
25.814611,0.09882469,55,81,0,0,n311
25.850668,0.08947641,63,74,0,0,n312
25.916107,0.06677344,65,83,0,0,n313
26.223265,0.6797536,64,71,0,0,n314
26.22727,0.6757472,49,99,0,0,n315
26.229942,0.6730763,37,89,0,0,n316
26.265999,0.6370186,66,71,0,0,n317
26.279354,0.47542688,58,83,0,0,n318
26.399546,0.2817839,67,75,0,0,n319
26.68133,0.22168781,67,68,0,0,n320
26.754782,0.14823703,58,67,0,0,n321
26.817549,0.12419859,69,69,0,0,n322
26.888329,0.07745719,70,94,0,0,n323
26.903017,0.05475422,49,105,0,0,n324
26.911032,0.058760624,37,94,0,0,n325
26.957771,0.06677344,39,30,0,0,n326
27.212847,0.2350425,50,99,0,0,n327
27.215517,0.23237157,62,95,0,0,n328
27.215517,0.23237157,74,100,0,0,n329
27.219524,0.22836515,38,89,0,0,n330
27.272943,0.17494641,72,42,0,0,n331
27.716318,0.038728595,50,97,0,0,n332
27.716318,0.03205125,57,95,0,0,n333
27.717653,0.22435875,66,96,0,0,n334
27.71899,0.22302328,38,90,0,0,n335
27.71899,0.03338672,62,85,0,0,n336
27.773743,0.16826907,40,30,0,0,n337
28.179726,0.044070467,49,100,0,0,n338
28.182398,0.040064063,37,89,0,0,n339
28.19308,0.6704053,64,91,0,0,n340
28.230474,0.46741405,58,87,0,0,n341
28.262526,0.6009609,66,58,0,0,n342
28.353336,0.29647407,67,81,0,0,n343
28.64981,0.213675,67,72,0,0,n344
28.697887,0.16559812,58,78,0,0,n345
28.79137,0.088140935,69,68,0,0,n346
28.838112,0.057425156,70,90,0,0,n347
28.840784,0.044070467,49,108,0,0,n348
28.846125,0.04139953,37,95,0,0,n349
29.139929,0.040064063,50,100,0,0,n350
29.143934,0.24439079,74,96,0,0,n351
29.14527,0.24305531,38,92,0,0,n352
29.14527,0.24305531,70,97,0,0,n353
29.158625,0.029380312,79,85,0,0,n354
29.15996,0.22836515,81,77,0,0,n355
29.748901,0.38194406,50,103,0,0,n356
29.748901,0.38194406,66,102,0,0,n357
29.751574,0.37927312,38,90,0,0,n358
29.751574,0.37927312,69,97,0,0,n359
29.752909,0.37793764,74,94,0,0,n360
29.825024,0.30582234,40,31,0,0,n361
29.842384,0.28846124,71,3,0,0,n362
30.677053,2.3036835,58,99,0,0,n363
30.677053,2.3036835,62,97,0,0,n364
30.679724,2.3010128,43,106,0,0,n365
30.681059,2.2996771,67,99,0,0,n366
30.68373,2.2970064,31,97,0,0,n367
30.723795,2.2569423,34,57,0,0,n368
30.723795,2.2569423,37,55,0,0,n369
30.773207,2.2075298,33,24,0,0,n370
33.55098,2.313032,34,36,0,0,n371
33.563,2.3010128,46,41,0,0,n372
33.688534,2.1754787,53,42,0,0,n373
34.067806,0.7652236,50,16,0,0,n374
34.318874,1.5451373,55,44,0,0,n375
34.675446,1.1885672,57,48,0,0,n376
34.83303,0.6143156,50,23,0,0,n377
34.98928,0.874732,58,66,0,0,n378
35.277744,0.5862708,60,72,0,0,n379
35.447346,0.41666624,50,41,0,0,n380
35.588905,0.27510655,62,77,0,0,n381
35.839973,0.9842405,32,45,0,0,n382
35.961502,0.8627128,63,79,0,0,n383
36.19521,0.6290058,50,50,0,0,n384
36.355465,0.5475422,65,74,0,0,n385
36.768127,3.717945,47,38,0,0,n386
36.789494,3.6965775,31,35,0,0,n387
36.907013,3.5790563,67,69,0,0,n388
37.227528,0.5795934,50,31,0,0,n389
37.39179,3.0942812,65,59,0,0,n390
37.65087,2.3397412,63,58,0,0,n391
37.80712,0.5742516,50,47,0,0,n392
37.974052,2.5120168,62,61,0,0,n393
38.27587,2.2102008,60,57,0,0,n394
38.38137,0.84802264,50,31,0,0,n395
38.583027,1.9030429,59,65,0,0,n396
38.95696,1.5291117,69,74,0,0,n397
39.049107,1.4369644,57,52,0,0,n398
39.229393,1.2566761,50,40,0,0,n399
39.485806,1.0002661,71,68,0,0,n400
39.667427,0.8186423,55,50,0,0,n401
39.990612,3.3573685,63,48,0,0,n402
40.37389,0.9535247,48,37,0,0,n403
40.51278,2.8352,75,76,0,0,n404
40.687725,2.6602538,36,30,0,0,n405
40.888046,2.4599335,50,29,0,0,n406
41.17651,2.171472,51,43,0,0,n407
41.327415,0.46607858,48,38,0,0,n408
41.44761,1.900372,53,38,0,0,n409
41.686657,1.6613231,55,45,0,0,n410
41.793495,1.5544857,48,47,0,0,n411
41.854927,1.493054,74,80,0,0,n412
41.935055,1.3581717,57,45,0,0,n413
42.2756,1.0723814,59,58,0,0,n414
42.4452,0.9027769,72,67,0,0,n415
42.62282,0.7251595,60,76,0,0,n416
42.686924,0.66105705,70,56,0,0,n417
42.836494,0.5114845,62,74,0,0,n418
42.83783,0.51014906,69,71,0,0,n419
42.98607,0.36191204,67,75,0,0,n420
43.075546,3.2919304,41,54,0,0,n421
43.293224,1.3755329,57,43,0,0,n422
43.34798,3.0194948,65,72,0,0,n423
43.37469,0.79326844,63,56,0,0,n424
43.661816,0.5061427,53,52,0,0,n425
43.895523,0.33653814,62,64,0,0,n426
44.159946,2.2075298,60,55,0,0,n427
44.2788,0.5395294,53,45,0,0,n428
44.425705,1.9417715,58,61,0,0,n429
44.66876,1.6987163,57,46,0,0,n430
44.818333,0.57158065,53,43,0,0,n431
45.01064,1.3568362,55,36,0,0,n432
45.38991,0.97756314,53,44,0,0,n433
45.639645,0.72783047,51,43,0,0,n434
45.769184,0.59829,67,48,0,0,n435
45.81993,0.5475422,50,38,0,0,n436
45.874687,0.49278796,69,48,0,0,n437
45.978855,0.38862142,70,66,0,0,n438
45.992207,0.37526673,48,43,0,0,n439
46.10038,0.71046937,72,73,0,0,n440
46.334087,2.5280423,34,49,0,0,n441
46.338093,2.524036,46,44,0,0,n442
46.484997,2.0726476,74,70,0,0,n443
46.810852,1.8469533,72,67,0,0,n444
47.045895,1.8162374,79,88,0,0,n445
47.22084,1.6412911,70,62,0,0,n446
47.375755,0.45005298,58,53,0,0,n447
47.52132,1.3408107,69,60,0,0,n448
47.70962,1.1525096,67,68,0,0,n449
47.825806,1.0363238,58,55,0,0,n450
47.97538,0.44738203,77,77,0,0,n451
48.0101,0.8520291,65,53,0,0,n452
48.25316,0.22970062,76,57,0,0,n453
48.2585,0.60363185,64,45,0,0,n454
48.42276,0.43936923,77,58,0,0,n455
48.482857,0.37927312,76,73,0,0,n456
48.498882,0.3632475,62,52,0,0,n457
48.557644,0.30448687,74,70,0,0,n458
48.657803,0.20432672,60,58,0,0,n459
48.657803,0.20299125,72,79,0,0,n460
48.860794,2.684292,72,68,0,0,n461
48.872814,2.672273,45,44,0,0,n462
49.139908,2.4051793,60,18,0,0,n463
49.25075,2.2943354,70,62,0,0,n464
49.535206,2.0098805,77,67,0,0,n465
49.605988,1.9391006,69,53,0,0,n466
49.76758,0.6129801,57,35,0,0,n467
49.93585,1.6092398,67,60,0,0,n468
50.233658,1.3114303,65,57,0,0,n469
50.380558,1.1645287,57,38,0,0,n470
50.697063,0.84802264,76,65,0,0,n471
50.73446,0.81062955,64,44,0,0,n472
51.468967,0.7799137,74,57,0,0,n473
51.472973,1.6172527,62,40,0,0,n474
51.513035,1.5771886,56,29,0,0,n475
51.517044,1.5731822,47,36,0,0,n476
52.120674,0.49011704,76,45,0,0,n477
52.24888,0.23370703,74,60,0,0,n478
52.358387,0.73183686,73,70,0,0,n479
52.482586,0.6076383,74,77,0,0,n480
52.540012,0.5502131,64,51,0,0,n481
52.61079,0.47943327,76,75,0,0,n482
52.710953,0.37927312,65,61,0,0,n483
52.77105,0.31917703,77,82,0,0,n484
52.987392,1.3995713,60,45,0,0,n485
53.012768,1.3741974,57,47,0,0,n486
53.02078,1.1551805,48,32,0,0,n487
53.128952,1.2580116,77,70,0,0,n488
53.434776,0.55421954,65,35,0,0,n489
53.6578,0.7291659,76,64,0,0,n490
53.874146,0.51282,74,73,0,0,n491
53.988995,0.3979697,65,62,0,0,n492
54.17596,1.4289516,48,43,0,0,n493
54.233387,0.14155969,72,74,0,0,n494
54.374947,1.2299668,72,67,0,0,n495
54.419018,1.1858963,58,29,0,0,n496
54.425694,1.1792189,64,39,0,0,n497
54.52986,0.6129801,60,33,0,0,n498
54.75689,0.84802264,70,56,0,0,n499
55.033333,0.57158065,69,50,0,0,n500
55.14284,0.45940125,60,40,0,0,n501
55.41928,0.12954047,67,58,0,0,n502
55.548824,1.299411,67,52,0,0,n503
55.60224,1.2206185,60,30,0,0,n504
55.608917,1.2139411,53,20,0,0,n505
55.74647,0.19497843,58,26,0,0,n506
55.966824,0.8560355,52,33,0,0,n507
56.248608,0.5742516,50,43,0,0,n508
56.3688,0.45405936,58,39,0,0,n509
56.517036,0.4313564,48,48,0,0,n510
56.814846,0.7905975,65,59,0,0,n511
56.846897,1.7788444,53,38,0,0,n512
56.995136,0.61030924,57,44,0,0,n513
57.204803,0.40064064,63,63,0,0,n514
57.536,1.1671997,41,32,0,0,n515
57.58942,1.113781,62,62,0,0,n516
57.805763,0.897435,51,42,0,0,n517
58.165005,1.1418258,61,59,0,0,n518
58.46816,2.7190144,34,33,0,0,n519
58.558968,2.6282024,46,38,0,0,n520
58.625744,0.68108904,53,53,0,0,n521
58.92088,0.76655906,50,43,0,0,n522
59.226704,1.1231292,62,52,0,0,n523
59.2454,1.9417715,55,41,0,0,n524
59.54588,1.6412911,57,56,0,0,n525
59.68744,0.5301811,50,40,0,0,n526
59.84102,1.3461525,58,62,0,0,n527
60.092087,1.0950844,60,71,0,0,n528
60.21762,0.5341875,50,51,0,0,n529
60.349834,0.8373389,62,74,0,0,n530
60.504745,0.68242455,32,56,0,0,n531
60.626274,0.5608969,63,85,0,0,n532
60.75181,0.43536282,50,70,0,0,n533
60.92275,0.39930516,65,82,0,0,n534
61.195183,3.1517062,31,45,0,0,n535
61.228573,3.1183195,47,44,0,0,n536
61.335407,3.011482,67,73,0,0,n537
61.551754,0.5475422,50,39,0,0,n538
61.693314,2.6535764,65,58,0,0,n539
61.959072,2.0245707,63,64,0,0,n540
62.099297,0.59962547,50,44,0,0,n541
62.271572,2.0753183,62,63,0,0,n542
62.535995,1.8108957,60,71,0,0,n543
62.69892,0.71180487,50,53,0,0,n544
62.841816,1.5050733,59,77,0,0,n545
63.148975,1.1979154,69,83,0,0,n546
63.295876,1.051014,57,59,0,0,n547
63.41073,0.9361636,50,57,0,0,n548
63.59903,0.7478625,71,91,0,0,n549
63.76329,0.58359987,55,81,0,0,n550
63.983643,1.6813551,63,81,0,0,n551
64.24673,0.83867437,48,51,0,0,n552
64.34823,1.3167722,75,93,0,0,n553
64.54187,1.1231292,36,44,0,0,n554
64.69278,0.97222126,50,46,0,0,n555
64.955864,0.7091339,51,53,0,0,n556
65.0854,0.4954589,48,59,0,0,n557
65.24566,0.41933718,53,63,0,0,n558
65.44465,0.22035234,55,65,0,0,n559
65.580864,1.6853615,48,58,0,0,n560
65.67568,1.5905433,74,82,0,0,n561
65.68903,1.563834,57,68,0,0,n562
66.089676,1.176548,59,73,0,0,n563
66.30869,0.9575311,72,79,0,0,n564
66.48898,0.77724284,60,81,0,0,n565
66.6292,0.6370186,70,81,0,0,n566
66.74272,0.5235037,62,82,0,0,n567
66.82419,0.44204015,69,73,0,0,n568
66.93369,0.33253172,67,83,0,0,n569
66.987114,3.2411826,41,58,0,0,n570
67.25287,1.5024023,57,58,0,0,n571
67.34502,2.883277,65,69,0,0,n572
67.37707,0.6717408,63,53,0,0,n573
67.6869,0.36191204,53,38,0,0,n574
67.958,2.2702968,62,61,0,0,n575
68.23444,1.9938549,60,54,0,0,n576
68.388016,0.5088136,53,35,0,0,n577
68.51623,1.712071,58,59,0,0,n578
68.75527,1.473022,57,48,0,0,n579
68.896835,0.55288404,53,43,0,0,n580
69.09315,1.1351484,55,48,0,0,n581
69.449715,0.7785783,53,39,0,0,n582
69.73016,0.49812984,51,40,0,0,n583
69.8784,0.34989282,50,41,0,0,n584
69.88107,0.34722188,67,42,0,0,n585
69.95452,0.2737711,69,48,0,0,n586
70.06804,0.16025625,70,56,0,0,n587
70.08407,0.14423062,48,34,0,0,n588
70.19758,0.47142047,72,54,0,0,n589
70.551476,2.9941208,46,21,0,0,n590
70.55281,2.9927855,34,31,0,0,n591
70.68903,2.5547516,74,42,0,0,n592
71.0643,2.1287372,62,26,0,0,n593
71.36745,1.9805001,72,50,0,0,n594
71.631874,1.9137267,79,69,0,0,n595
71.925674,0.5301811,58,41,0,0,n596
72.11531,1.430287,69,45,0,0,n597
72.35703,1.1885672,67,44,0,0,n598
72.45586,1.0897425,58,38,0,0,n599
72.61745,0.49412343,77,60,0,0,n600
72.63615,0.9094542,65,40,0,0,n601
72.897896,0.27510655,76,60,0,0,n602
72.93395,0.6116447,64,38,0,0,n603
73.11157,0.43402734,77,51,0,0,n604
73.173004,0.3725958,76,59,0,0,n605
73.19304,0.35256374,62,50,0,0,n606
73.24378,0.30181593,74,66,0,0,n607
73.345276,0.20032032,60,38,0,0,n608
73.34795,0.17761734,72,72,0,0,n609
73.525566,2.6201897,72,68,0,0,n610
73.55094,2.5948157,45,42,0,0,n611
73.752594,2.39316,60,42,0,0,n612
73.88481,2.2609487,70,67,0,0,n613
74.21467,1.9310879,77,67,0,0,n614
74.23604,1.9097203,69,62,0,0,n615
74.428345,0.5889417,57,37,0,0,n616
74.58059,1.5651693,67,50,0,0,n617
74.87706,1.2686954,65,50,0,0,n618
75.01729,1.1284711,57,39,0,0,n619
75.32177,0.8239842,76,61,0,0,n620
75.36184,0.78392017,64,41,0,0,n621
76.091,0.7051275,74,55,0,0,n622
76.10302,1.4997314,62,42,0,0,n623
76.11905,1.4837058,56,38,0,0,n624
76.13507,1.4676802,47,40,0,0,n625
76.67995,0.46607858,76,47,0,0,n626
76.79613,0.22168781,74,58,0,0,n627
76.91899,0.68376,73,54,0,0,n628
77.017815,0.5849353,74,69,0,0,n629
77.14603,0.4567303,76,73,0,0,n630
77.16205,0.44070467,64,54,0,0,n631
77.30628,0.2737711,77,81,0,0,n632
77.31162,0.29113218,65,65,0,0,n633
77.58005,1.2419859,77,67,0,0,n634
77.58406,1.2379795,57,41,0,0,n635
77.58673,1.2353086,60,48,0,0,n636
77.62813,0.9348281,48,21,0,0,n637
77.77102,0.62099296,65,42,0,0,n638
78.03144,0.7905975,76,67,0,0,n639
78.27984,0.5422003,74,75,0,0,n640
78.39201,0.43002093,65,57,0,0,n641
78.56296,1.5451373,48,40,0,0,n642
78.660446,0.12152766,72,66,0,0,n643
78.66712,1.4409708,58,28,0,0,n644
78.76194,1.3461525,64,43,0,0,n645
78.781975,1.3261205,72,72,0,0,n646
78.964935,0.62099296,60,31,0,0,n647
79.17326,0.9348281,70,65,0,0,n648
79.49779,0.61030924,69,49,0,0,n649
79.58592,0.5221683,60,45,0,0,n650
79.94116,0.14556609,67,54,0,0,n651
80.08672,1.8135666,67,48,0,0,n652
80.12679,3.5349858,60,24,0,0,n653
80.1348,0.7451916,53,25,0,0,n654
80.3004,0.5795934,58,39,0,0,n655
80.54079,0.38595048,52,22,0,0,n656
80.83859,0.45940125,50,37,0,0,n657
80.9708,0.9294863,58,38,0,0,n658
81.24057,0.78792655,48,25,0,0,n659
81.83085,1.8309276,65,40,0,0,n660
81.85088,1.8108957,53,31,0,0,n661
82.10863,1.5531502,57,26,0,0,n662
84.04505,2.6949759,41,23,0,0,n663
84.427,2.313032,65,34,0,0,n664
84.43501,2.3050191,57,26,0,0,n665
84.639336,0.555555,63,34,0,0,n666
84.77155,1.968481,67,37,0,0,n667
85.06669,1.6733423,69,46,0,0,n668
85.19489,0.5221683,63,35,0,0,n669
85.3418,1.3982358,70,43,0,0,n670
85.57016,1.1698706,72,62,0,0,n671
85.717064,0.45272392,63,44,0,0,n672
85.83726,0.9027769,74,76,0,0,n673
86.08431,0.65571517,75,78,0,0,n674
86.169785,0.57024515,63,34,0,0,n675
86.33806,0.4019761,77,80,0,0,n676
86.371445,0.36858937,39,47,0,0,n677
86.694626,2.7310336,58,63,0,0,n678
86.7801,2.6455636,78,77,0,0,n679
86.99243,0.5248392,63,45,0,0,n680
87.1567,2.2689614,77,65,0,0,n681
87.42379,2.0018678,75,57,0,0,n682
87.51727,0.6370186,63,41,0,0,n683
87.69089,1.7347739,73,48,0,0,n684
87.98602,1.4396353,72,56,0,0,n685
88.020744,2.46394,48,27,0,0,n686
88.15429,0.58359987,63,42,0,0,n687
88.33191,0.63034123,70,40,0,0,n688
88.56561,0.83867437,69,42,0,0,n689
88.73789,0.68776643,63,44,0,0,n690
88.96225,0.46340767,70,42,0,0,n691
89.40429,0.6370186,69,42,0,0,n692
89.4123,1.0723814,65,28,0,0,n693
89.424324,1.0603622,41,27,0,0,n694
89.62197,0.54887766,63,9,0,0,n695
89.78356,0.7011211,67,44,0,0,n696
90.04131,0.44337562,69,47,0,0,n697
90.17085,0.31383514,63,47,0,0,n698
90.30974,0.21501046,70,53,0,0,n699
90.536766,3.2638857,72,56,0,0,n700
90.65028,0.60363185,63,44,0,0,n701
90.822556,2.6201897,73,49,0,0,n702
91.09366,1.7815154,75,51,0,0,n703
91.253914,0.84000987,63,28,0,0,n704
91.412834,1.068375,77,55,0,0,n705
91.41684,2.3838117,39,41,0,0,n706
91.81348,1.9871775,58,52,0,0,n707
91.84953,1.9511199,78,46,0,0,n708
92.093925,0.6891019,63,20,0,0,n709
92.48121,1.3194431,77,50,0,0,n710
92.78303,0.3124997,63,33,0,0,n711
92.875175,0.9254798,75,62,0,0,n712
93.09553,0.7051275,63,42,0,0,n713
93.44275,0.35790563,73,60,0,0,n714
93.70049,2.9620697,42,37,0,0,n715
93.80466,1.1551805,73,49,0,0,n716
94.03036,0.9294863,63,43,0,0,n717
94.25338,0.57158065,72,53,0,0,n718
94.74884,0.19898485,70,44,0,0,n719
94.82496,0.13488235,72,58,0,0,n720
94.94782,1.7147418,70,37,0,0,n721
95.21091,1.4516546,60,34,0,0,n722
95.642265,1.0202981,44,33,0,0,n723
96.23655,0.42601454,68,37,0,0,n724
96.523674,1.6826906,49,34,0,0,n725
96.56507,1.6412911,41,31,0,0,n726
96.736015,5.510144,73,45,0,0,n727
97.0178,0.6129801,61,29,0,0,n728
97.19809,1.0082788,51,42,0,0,n729
97.474525,2.7764394,53,54,0,0,n730
97.630775,0.5088136,61,43,0,0,n731
97.72426,0.4821042,54,53,0,0,n732
97.98201,1.2833855,56,55,0,0,n733
98.139595,0.55421954,61,46,0,0,n734
98.247765,1.0176272,58,59,0,0,n735
98.52554,0.7398497,60,63,0,0,n736
98.69381,0.15090796,61,39,0,0,n737
98.84472,0.42067266,61,68,0,0,n738
99.244026,3.0021338,62,50,0,0,n739
99.40962,0.6663989,61,31,0,0,n740
99.664696,2.5814612,59,41,0,0,n741
99.945145,2.3010128,56,41,0,0,n742
100.07602,0.6290058,61,42,0,0,n743
100.25097,1.9951903,53,38,0,0,n744
100.53676,3.715274,49,44,0,0,n745
100.705025,0.65571517,61,37,0,0,n746
100.82655,1.4196032,47,36,0,0,n747
101.19381,1.0523493,44,38,0,0,n748
101.36074,0.7077984,61,36,0,0,n749
101.57842,0.6677344,41,34,0,0,n750
102.06854,2.3557668,61,51,0,0,n751
102.21277,2.1033633,42,41,0,0,n752
102.36902,0.5622323,58,31,0,0,n753
102.54664,1.8776691,63,47,0,0,n754
102.80839,1.6159172,65,57,0,0,n755
102.93125,0.53151655,58,40,0,0,n756
103.08483,1.3394752,66,71,0,0,n757
103.337234,1.0870715,68,71,0,0,n758
103.46277,0.5048072,58,47,0,0,n759
103.60166,0.82264876,70,68,0,0,n760
103.848724,0.57558703,71,73,0,0,n761
103.967575,0.4567303,58,60,0,0,n762
104.115814,0.40731797,73,74,0,0,n763
104.25203,2.8926253,49,53,0,0,n764
104.31613,2.8178391,42,62,0,0,n765
104.511116,2.1754787,50,60,0,0,n766
104.51913,2.6856277,74,65,0,0,n767
104.53515,2.669602,76,42,0,0,n768
104.80759,0.6343477,59,41,0,0,n769
104.90107,2.3036835,71,71,0,0,n770
105.15347,0.706463,62,57,0,0,n771
105.246956,1.9577972,68,68,0,0,n772
105.44193,0.70245653,59,47,0,0,n773
105.60887,1.5958852,65,67,0,0,n774
105.85994,1.344817,62,64,0,0,n775
106.02687,0.40331155,56,54,0,0,n776
106.144394,1.0603622,59,61,0,0,n777
106.43018,0.7745719,56,65,0,0,n778
106.570404,0.6343477,53,65,0,0,n779
106.68659,0.5181619,50,60,0,0,n780
106.81747,0.38728595,47,58,0,0,n781
107.1273,2.5146875,61,67,0,0,n782
107.13397,2.5080104,42,49,0,0,n783
107.14466,2.079325,49,49,0,0,n784
107.34097,0.5622323,58,44,0,0,n785
107.547966,2.094015,63,61,0,0,n786
107.76832,1.8736627,65,64,0,0,n787
107.903206,0.51415545,58,62,0,0,n788
108.05144,1.5905433,66,76,0,0,n789
108.30385,1.3381397,68,77,0,0,n790
108.41736,0.5515486,58,71,0,0,n791
108.580284,1.0616976,70,83,0,0,n792
108.838036,0.8039522,71,78,0,0,n793
108.96891,0.6730763,58,75,0,0,n794
109.13317,0.59294814,72,78,0,0,n795
109.22398,0.4180017,49,81,0,0,n796
109.37489,0.26709375,36,75,0,0,n797
109.65935,3.139687,73,80,0,0,n798
109.66602,3.1330097,52,76,0,0,n799
109.9398,0.7652236,58,53,0,0,n800
110.15614,2.6428926,70,78,0,0,n801
110.46196,0.9695503,61,66,0,0,n802
110.514046,2.284987,67,68,0,0,n803
110.70502,1.2727017,58,53,0,0,n804
110.94006,1.8589725,64,73,0,0,n805
111.43151,1.36752,61,69,0,0,n806
111.6719,1.1271356,55,54,0,0,n807
111.97772,0.82131326,58,72,0,0,n808
112.75229,3.0275075,57,57,0,0,n809
112.78701,2.9927855,41,30,0,0,n810
113.29048,5.0747814,53,36,0,0,n811
114.32948,1.450319,51,25,0,0,n812
115.25496,0.5248392,58,37,0,0,n813
115.6556,2.709666,34,33,0,0,n814
115.69299,2.672273,46,13,0,0,n815
115.79182,0.9735567,58,29,0,0,n816
116.01484,0.6450314,50,20,0,0,n817
116.228516,2.13675,55,19,0,0,n818
116.48893,1.8763336,57,40,0,0,n819
116.659874,0.52617466,50,22,0,0,n820
116.76537,1.5998915,58,43,0,0,n821
117.04182,1.3234495,60,50,0,0,n822
117.18605,0.6356831,50,8,0,0,n823
117.29422,1.071046,62,56,0,0,n824
117.52258,0.84268075,32,33,0,0,n825
117.65079,0.7144758,63,61,0,0,n826
117.82173,0.54353577,50,43,0,0,n827
117.97531,0.42868546,65,60,0,0,n828
118.23706,3.245189,31,40,0,0,n829
118.394646,3.0876038,47,9,0,0,n830
118.42403,3.0582235,67,57,0,0,n831
118.63637,0.54353577,50,35,0,0,n832
118.78995,2.692305,65,47,0,0,n833
119.0517,2.1073697,63,45,0,0,n834
119.1799,0.56490326,50,32,0,0,n835
119.32547,2.1567822,62,62,0,0,n836
119.585884,1.8963656,60,54,0,0,n837
119.744804,0.74919796,50,33,0,0,n838
119.88503,1.5972207,59,57,0,0,n839
120.21222,1.2700307,69,65,0,0,n840
120.30971,1.1725416,57,41,0,0,n841
120.494,0.98824686,50,35,0,0,n842
120.72237,0.75988173,71,71,0,0,n843
120.88797,0.5942836,55,59,0,0,n844
121.159065,2.284987,63,45,0,0,n845
121.336685,0.26709375,48,39,0,0,n846
121.49694,1.9471134,75,71,0,0,n847
121.59977,1.8442824,36,6,0,0,n848
121.82279,1.6212591,50,40,0,0,n849
122.19005,1.2540052,51,31,0,0,n850
122.29288,0.5422003,48,28,0,0,n851
122.44779,0.9962597,53,37,0,0,n852
122.73225,0.71180487,55,45,0,0,n853
122.83508,0.60897374,48,39,0,0,n854
122.92455,2.1607885,74,72,0,0,n855
122.95795,0.5862708,57,51,0,0,n856
123.42803,1.6573167,59,55,0,0,n857
123.63903,1.4463127,72,53,0,0,n858
123.91013,1.1752125,60,50,0,0,n859
124.053024,1.0323174,70,58,0,0,n860
124.244,0.8413453,62,66,0,0,n861
124.278725,0.8066231,69,54,0,0,n862
124.469696,0.6156511,67,60,0,0,n863
124.591225,4.285519,41,36,0,0,n864
124.96516,1.8816755,57,37,0,0,n865
125.08935,3.7873893,65,54,0,0,n866
125.11739,3.7593446,63,36,0,0,n867
125.542076,0.06677344,53,40,0,0,n868
125.60885,0.7852556,53,20,0,0,n869
125.93737,2.9393668,62,44,0,0,n870
126.25655,2.6201897,60,39,0,0,n871
126.394104,0.5849353,53,36,0,0,n872
126.55703,2.3197093,58,44,0,0,n873
126.846825,2.0299125,57,43,0,0,n874
126.97904,0.68376,53,43,0,0,n875
127.207405,1.669336,55,46,0,0,n876
127.662796,1.2139411,53,39,0,0,n877
128.02338,0.8533645,51,38,0,0,n878
128.17828,0.69845015,67,41,0,0,n879
128.25308,0.6236639,50,23,0,0,n880
128.27979,0.5969545,69,43,0,0,n881
128.412,0.46474314,70,59,0,0,n882
128.46408,0.41265985,48,44,0,0,n883
128.56291,0.5969545,72,65,0,0,n884
128.94885,3.526973,46,42,0,0,n885
128.96487,3.5964174,34,42,0,0,n886
129.13582,2.8538966,74,64,0,0,n887
129.48705,0.9241444,62,32,0,0,n888
129.67935,2.8819416,72,68,0,0,n889
130.02658,2.5347197,66,79,0,0,n890
130.22957,1.7080646,70,55,0,0,n891
130.4112,2.1501048,62,33,0,0,n892
130.60617,0.9535247,69,50,0,0,n893
130.91066,1.6506394,79,79,0,0,n894
131.16974,1.3915584,67,61,0,0,n895
131.30196,1.2593471,77,77,0,0,n896
131.5597,1.0016016,69,56,0,0,n897
131.58374,0.97756314,75,75,0,0,n898
131.75067,0.81062955,63,57,0,0,n899
131.93764,0.6236639,70,75,0,0,n900
131.98972,0.5809289,74,74,0,0,n901
132.47583,3.0916102,46,42,0,0,n902
132.57466,2.4839718,72,74,0,0,n903
132.85376,0.74919796,60,12,0,0,n904
133.11952,2.4225404,70,65,0,0,n905
133.43202,1.5958852,68,57,0,0,n906
133.43736,1.4142615,63,39,0,0,n907
133.60297,1.9778292,60,33,0,0,n908
133.76189,0.92681533,67,56,0,0,n909
134.08374,1.4970604,77,67,0,0,n910
134.35083,1.2299668,65,56,0,0,n911
134.4737,1.1071036,75,70,0,0,n912
134.67401,0.9067833,74,64,0,0,n913
134.6887,0.8920931,67,70,0,0,n914
134.85162,0.7291659,63,55,0,0,n915
135.02791,0.55288404,68,70,0,0,n916
135.05862,0.5221683,72,72,0,0,n917
135.54207,1.3955648,70,65,0,0,n918
135.56744,2.2516003,46,44,0,0,n919
135.72502,1.2126056,62,38,0,0,n920
135.96408,0.9735567,68,51,0,0,n921
136.26723,0.6704053,67,53,0,0,n922
136.41547,0.5221683,56,44,0,0,n923
136.5637,0.37393126,34,52,0,0,n924
136.58907,0.4447111,66,54,0,0,n925
136.98303,0.8360034,39,43,0,0,n926
136.98303,0.8360034,67,48,0,0,n927
137.14996,0.6690698,55,37,0,0,n928
137.38768,0.4313564,63,51,0,0,n929
137.76695,1.0029371,62,48,0,0,n930
137.79367,1.0443366,33,36,0,0,n931
137.795,1.0136207,45,25,0,0,n932
137.96994,0.8680547,55,26,0,0,n933
138.24905,0.5889417,61,46,0,0,n934
138.7699,3.8087568,62,47,0,0,n935
138.80862,2.1874979,45,23,0,0,n936
138.83266,3.313298,38,24,0,0,n937
139.22395,0.9415055,57,38,0,0,n938
139.50574,0.65972155,55,43,0,0,n939
140.11205,0.8840803,54,43,0,0,n940
140.15344,0.07612172,46,3,0,0,n941
140.94003,1.7588123,55,36,0,0,n942
140.94937,1.749464,52,27,0,0,n943
140.95338,1.7454576,46,17,0,0,n944
142.14597,3.5550177,38,20,0,0,n945
142.57864,3.122326,62,36,0,0,n946
142.60002,3.1009583,54,24,0,0,n947
142.61739,3.0835974,45,23,0,0,n948
145.8038,0.044070467,50,64,0,0,n949
145.80782,0.036057655,38,68,0,0,n950
146.05354,0.070779845,55,71,0,0,n951
146.06021,0.07478625,31,72,0,0,n952
146.06288,1.36752,43,69,0,0,n953
146.15503,0.08947641,50,51,0,0,n954
146.15503,0.08279906,57,43,0,0,n955
146.22716,0.058760624,58,62,0,0,n956
146.52896,0.07345078,57,55,0,0,n957
146.61577,0.09615375,50,58,0,0,n958
146.61978,0.112179376,58,62,0,0,n959
146.73463,0.036057655,60,62,0,0,n960
146.99905,0.06276703,58,63,0,0,n961
147.04713,0.057425156,50,63,0,0,n962
147.09387,0.1068375,60,55,0,0,n963
147.18869,0.044070467,62,67,0,0,n964
147.45845,0.05341875,55,66,0,0,n965
147.50386,0.08279906,50,67,0,0,n966
147.55861,0.084134534,57,62,0,0,n967
147.64943,0.03071578,46,72,0,0,n968
147.6521,0.042735,34,65,0,0,n969
147.65477,0.040064063,58,67,0,0,n970
147.89915,0.15090796,36,80,0,0,n971
147.89915,0.13354687,48,82,0,0,n972
147.90851,0.065437965,57,53,0,0,n973
147.95392,0.102831095,51,67,0,0,n974
147.96193,0.14022422,58,69,0,0,n975
148.10883,0.042735,60,60,0,0,n976
148.40797,0.10416656,50,78,0,0,n977
148.41064,0.14423062,38,77,0,0,n978
148.41464,0.116185784,54,59,0,0,n979
148.46806,0.110843904,48,65,0,0,n980
148.53084,0.08279906,55,60,0,0,n981
148.62698,0.040064063,57,60,0,0,n982
148.9248,0.47542688,31,70,0,0,n983
148.9288,0.14423062,55,69,0,0,n984
148.93015,0.4487175,43,69,0,0,n985
148.9849,0.16292718,57,63,0,0,n986
148.9889,0.13888875,50,58,0,0,n987
149.13313,0.06276703,58,65,0,0,n988
149.4109,0.03205125,57,78,0,0,n989
149.57384,0.036057655,54,65,0,0,n990
149.60321,0.04139953,38,80,0,0,n991
149.6179,0.046741407,50,78,0,0,n992
149.82356,1.3341333,43,69,0,0,n993
149.8249,1.3167722,31,74,0,0,n994
149.82758,0.057425156,55,76,0,0,n995
149.89702,0.09214734,50,67,0,0,n996
149.94109,0.11485031,57,63,0,0,n997
150.05461,0.04139953,58,63,0,0,n998
150.27896,0.070779845,57,76,0,0,n999
150.35641,0.110843904,50,56,0,0,n1000
150.37912,0.08947641,58,69,0,0,n1001
150.47127,0.05475422,60,65,0,0,n1002
150.72635,0.065437965,58,69,0,0,n1003
150.78778,0.044070467,50,72,0,0,n1004
150.8225,0.10817297,60,64,0,0,n1005
150.92532,0.049412344,62,72,0,0,n1006
151.18575,0.060096093,55,72,0,0,n1007
151.24184,0.09882469,50,62,0,0,n1008
151.29793,0.078792654,57,63,0,0,n1009
151.37271,0.04540594,34,66,0,0,n1010
151.37405,0.048076876,58,68,0,0,n1011
151.37672,0.03071578,46,70,0,0,n1012
151.60776,0.116185784,57,50,0,0,n1013
151.6398,0.17761734,48,70,0,0,n1014
151.64114,0.18162376,36,70,0,0,n1015
151.72795,0.078792654,51,57,0,0,n1016
151.72928,0.11485031,58,63,0,0,n1017
151.82143,0.04540594,60,65,0,0,n1018
152.11523,0.20566219,50,78,0,0,n1019
152.1179,0.21100406,38,76,0,0,n1020
152.12325,0.14423062,59,64,0,0,n1021
152.174,0.10950844,53,68,0,0,n1022
152.25012,0.08680547,60,64,0,0,n1023
152.34093,0.03071578,62,75,0,0,n1024
152.61603,0.17094,60,64,0,0,n1025
152.62538,0.18563016,51,84,0,0,n1026
152.62672,0.20432672,39,79,0,0,n1027
152.64941,0.15892078,55,72,0,0,n1028
152.72554,0.093482815,62,72,0,0,n1029
152.81636,0.029380312,63,70,0,0,n1030
153.09546,0.112179376,59,64,0,0,n1031
153.1382,0.09081188,53,68,0,0,n1032
153.20497,0.08680547,60,68,0,0,n1033
153.2624,0.03338672,50,85,0,0,n1034
153.26775,0.044070467,38,75,0,0,n1035
153.27975,0.058760624,62,80,0,0,n1036
153.50412,0.10016016,60,75,0,0,n1037
153.50546,0.14155969,39,90,0,0,n1038
153.50679,0.12286312,51,94,0,0,n1039
153.56021,0.12152766,55,75,0,0,n1040
153.61496,0.08680547,62,72,0,0,n1041
153.70177,0.040064063,63,71,0,0,n1042
153.97153,0.10950844,63,62,0,0,n1043
153.98088,0.14690156,48,100,0,0,n1044
153.9849,0.1535789,36,90,0,0,n1045
154.02495,0.11485031,55,80,0,0,n1046
154.07971,0.11485031,65,72,0,0,n1047
154.1772,0.070779845,67,74,0,0,n1048
154.51775,0.23237157,50,96,0,0,n1049
154.52174,0.17895281,66,73,0,0,n1050
154.52576,0.24171984,38,94,0,0,n1051
154.55246,0.08146359,54,80,0,0,n1052
154.5805,0.028044844,68,58,0,0,n1053
154.64595,0.09481828,67,54,0,0,n1054
154.72206,0.08146359,69,81,0,0,n1055
155.02121,0.060096093,62,98,0,0,n1056
155.28563,0.110843904,62,92,0,0,n1057
155.28964,0.06810891,50,96,0,0,n1058
155.64087,0.08680547,67,82,0,0,n1059
155.64221,0.5809289,55,103,0,0,n1060
155.64888,0.60897374,46,95,0,0,n1061
155.6649,0.5582259,43,70,0,0,n1062
155.66891,0.08146359,41,74,0,0,n1063
155.68094,0.042735,49,45,0,0,n1064
155.721,0.50213623,62,69,0,0,n1065
155.77576,0.44738203,69,64,0,0,n1066
155.93066,0.29246765,70,70,0,0,n1067
156.22981,0.49011704,57,100,0,0,n1068
156.23114,0.48878157,50,94,0,0,n1069
156.24985,0.470085,69,70,0,0,n1070
156.28456,0.43536282,62,76,0,0,n1071
156.354,0.36591843,70,63,0,0,n1072
156.48221,0.23771344,72,70,0,0,n1073
156.73462,0.046741407,58,103,0,0,n1074
156.7413,0.042735,55,92,0,0,n1075
156.75465,0.44738203,70,77,0,0,n1076
156.78403,0.4180017,62,74,0,0,n1077
156.84279,0.3592411,72,69,0,0,n1078
156.95363,0.24839719,74,69,0,0,n1079
157.23409,0.36458296,67,87,0,0,n1080
157.31154,0.2871258,62,58,0,0,n1081
157.37564,0.22302328,69,66,0,0,n1082
157.41037,0.18830109,68,24,0,0,n1083
157.42906,0.16960452,55,89,0,0,n1084
157.43307,0.16559812,46,88,0,0,n1085
157.45177,0.14690156,70,81,0,0,n1086
157.6681,0.4954589,57,99,0,0,n1087
157.67078,0.49278796,55,90,0,0,n1088
157.67479,0.48878157,48,87,0,0,n1089
157.6788,0.48477516,69,79,0,0,n1090
157.73622,0.42735,63,71,0,0,n1091
157.81502,0.34855735,70,64,0,0,n1092
157.90048,0.26308733,72,72,0,0,n1093
158.18227,0.51549095,62,103,0,0,n1094
158.18895,0.5088136,50,86,0,0,n1095
158.18895,0.5088136,54,90,0,0,n1096
158.18895,0.5088136,66,55,0,0,n1097
158.24771,0.45005298,60,69,0,0,n1098
158.30914,0.37660217,67,59,0,0,n1099
158.44135,0.25641,69,54,0,0,n1100
158.67505,0.4233436,55,95,0,0,n1101
158.67906,0.42467907,43,87,0,0,n1102
158.67906,0.43269187,46,87,0,0,n1103
158.68575,0.1322114,67,85,0,0,n1104
158.76854,0.16426265,62,63,0,0,n1105
158.83264,0.17895281,69,62,0,0,n1106
158.98355,0.06143156,70,71,0,0,n1107
159.22394,0.03338672,69,78,0,0,n1108
159.3655,0.05208328,66,82,0,0,n1109
159.39487,0.044070467,50,78,0,0,n1110
159.42159,0.034722187,62,80,0,0,n1111
159.63393,0.49011704,55,96,0,0,n1112
159.6366,0.4874461,67,89,0,0,n1113
159.63792,0.48611063,43,81,0,0,n1114
159.63792,0.48611063,46,81,0,0,n1115
159.70737,0.41666624,62,71,0,0,n1116
159.7648,0.3592411,69,63,0,0,n1117
159.88098,0.24305531,70,68,0,0,n1118
160.15341,0.42735,50,91,0,0,n1119
160.15475,0.42601454,57,102,0,0,n1120
160.15877,0.42200813,69,82,0,0,n1121
160.22287,0.35790563,62,77,0,0,n1122
160.27762,0.3031514,70,68,0,0,n1123
160.38446,0.1963139,72,66,0,0,n1124
160.61015,0.05074781,58,97,0,0,n1125
160.61415,0.05208328,55,90,0,0,n1126
160.63686,0.44738203,70,74,0,0,n1127
160.66223,0.42200813,62,85,0,0,n1128
160.67426,0.4099889,72,70,0,0,n1129
160.82649,0.25774547,74,79,0,0,n1130
161.08557,0.116185784,75,85,0,0,n1131
161.1243,0.08547,67,76,0,0,n1132
161.19643,0.09481828,77,71,0,0,n1133
161.26186,0.0641025,79,90,0,0,n1134
161.2752,0.058760624,39,80,0,0,n1135
161.2752,0.04540594,51,85,0,0,n1136
161.48889,0.06143156,53,99,0,0,n1137
161.49156,0.084134534,41,89,0,0,n1138
161.49556,0.065437965,69,69,0,0,n1139
161.53697,0.10950844,60,71,0,0,n1140
161.5757,0.11351484,70,70,0,0,n1141
161.68787,0.036057655,72,65,0,0,n1142
161.92291,0.09615375,46,100,0,0,n1143
161.92558,0.1068375,34,89,0,0,n1144
161.9376,0.07745719,74,80,0,0,n1145
161.97633,0.1068375,65,72,0,0,n1146
162.03375,0.116185784,75,68,0,0,n1147
162.14594,0.05341875,77,65,0,0,n1148
162.393,0.12286312,39,90,0,0,n1149
162.393,0.11885672,51,95,0,0,n1150
162.393,0.120192185,67,65,0,0,n1151
162.46512,0.08947641,58,72,0,0,n1152
162.49983,0.10817297,69,58,0,0,n1153
162.58798,0.07211531,70,75,0,0,n1154
162.84172,0.46073672,72,70,0,0,n1155
162.92586,0.37660217,63,69,0,0,n1156
162.93253,0.36992484,74,69,0,0,n1157
163.02335,0.27911296,75,79,0,0,n1158
163.02467,0.2777775,45,97,0,0,n1159
163.03001,0.27243564,33,87,0,0,n1160
163.27841,0.21634594,38,83,0,0,n1161
163.27975,0.19764937,50,89,0,0,n1162
163.28375,0.17361094,66,72,0,0,n1163
163.33717,0.10550203,57,71,0,0,n1164
163.4133,0.084134534,67,66,0,0,n1165
163.48541,0.03338672,69,66,0,0,n1166
163.70444,0.47943327,72,74,0,0,n1167
163.78456,0.39930516,63,74,0,0,n1168
163.80727,0.37660217,74,71,0,0,n1169
163.87938,0.30448687,75,75,0,0,n1170
163.88205,0.30181593,44,106,0,0,n1171
163.88605,0.29780954,32,94,0,0,n1172
163.9328,0.25106812,34,32,0,0,n1173
164.13979,0.20699766,50,99,0,0,n1174
164.1438,0.22035234,38,92,0,0,n1175
164.14914,0.15224344,66,76,0,0,n1176
164.19855,0.11752125,57,62,0,0,n1177
164.26532,0.093482815,67,75,0,0,n1178
164.33745,0.034722187,69,68,0,0,n1179
164.5805,0.1669336,72,69,0,0,n1180
164.65529,0.10950844,63,68,0,0,n1181
164.69402,0.10550203,74,73,0,0,n1182
164.76079,0.048076876,75,87,0,0,n1183
164.76212,0.05341875,45,102,0,0,n1184
164.7688,0.049412344,33,91,0,0,n1185
165.06393,0.89342856,50,100,0,0,n1186
165.06795,0.18295921,66,77,0,0,n1187
165.07195,1.4877121,38,99,0,0,n1188
165.108,0.13621782,57,82,0,0,n1189
165.18947,0.12954047,67,63,0,0,n1190
165.30165,0.056089688,69,77,0,0,n1191
165.53535,0.093482815,60,69,0,0,n1192
165.57675,0.112179376,57,76,0,0,n1193
165.65422,0.07478625,62,69,0,0,n1194
165.733,0.03071578,63,69,0,0,n1195
165.98674,0.5729161,54,58,0,0,n1196
166.0415,0.40865344,50,71,0,0,n1197
166.1056,0.45405936,55,68,0,0,n1198
166.18974,0.36992484,57,62,0,0,n1199
166.45015,0.10950844,50,76,0,0,n1200
166.71057,0.06810891,38,82,0,0,n1201
166.71992,0.057425156,50,76,0,0,n1202
167.06981,0.05208328,55,63,0,0,n1203
167.0845,1.2072637,31,70,0,0,n1204
167.0885,1.2232894,43,68,0,0,n1205
167.12724,0.093482815,50,57,0,0,n1206
167.18867,0.08680547,57,62,0,0,n1207
167.29283,0.040064063,58,48,0,0,n1208
167.55191,0.084134534,57,53,0,0,n1209
167.63472,0.058760624,50,49,0,0,n1210
167.67477,0.070779845,58,60,0,0,n1211
167.73755,0.04540594,60,55,0,0,n1212
167.9766,0.06143156,58,61,0,0,n1213
168.01532,0.08947641,50,61,0,0,n1214
168.08076,0.10416656,60,65,0,0,n1215
168.18492,0.042735,62,64,0,0,n1216
168.38792,0.110843904,55,72,0,0,n1217
168.43866,0.09615375,50,62,0,0,n1218
168.5188,0.07345078,57,60,0,0,n1219
168.54817,0.034722187,46,72,0,0,n1220
168.54951,0.040064063,34,67,0,0,n1221
168.58156,0.042735,58,75,0,0,n1222
168.77788,0.20165578,36,86,0,0,n1223
168.7792,0.20165578,48,91,0,0,n1224
168.78589,0.11485031,57,77,0,0,n1225
168.84732,0.09882469,51,63,0,0,n1226
168.91277,0.1068375,58,67,0,0,n1227
168.97552,0.08146359,60,65,0,0,n1228
169.21991,0.19898485,50,92,0,0,n1229
169.22794,0.09481828,59,82,0,0,n1230
169.22926,0.18429469,38,85,0,0,n1231
169.25598,0.13354687,53,76,0,0,n1232
169.3281,0.10550203,60,77,0,0,n1233
169.4149,0.0641025,62,79,0,0,n1234
169.67798,0.25908095,51,99,0,0,n1235
169.67932,0.30048046,39,86,0,0,n1236
169.68332,0.120192185,60,82,0,0,n1237
169.70602,0.128205,55,79,0,0,n1238
169.78882,0.110843904,62,77,0,0,n1239
169.88231,0.07211531,63,76,0,0,n1240
170.13472,0.09481828,59,77,0,0,n1241
170.16275,0.112179376,53,77,0,0,n1242
170.24289,0.084134534,60,72,0,0,n1243
170.31767,0.0641025,62,84,0,0,n1244
170.319,0.040064063,38,65,0,0,n1245
170.319,0.03205125,50,70,0,0,n1246
170.526,0.1923075,60,80,0,0,n1247
170.53268,0.23637797,39,83,0,0,n1248
170.53401,0.18429469,51,89,0,0,n1249
170.60747,0.110843904,55,82,0,0,n1250
170.68492,0.08279906,62,50,0,0,n1251
170.77307,0.04139953,63,67,0,0,n1252
170.85052,0.09882469,60,78,0,0,n1253
170.944,0.31917703,62,87,0,0,n1254
170.9547,0.3084933,50,93,0,0,n1255
170.95737,0.30582234,38,84,0,0,n1256
171.04684,0.21634594,55,78,0,0,n1257
171.06287,0.20032032,63,67,0,0,n1258
171.16302,0.10016016,65,87,0,0,n1259
171.43947,0.62232846,49,100,0,0,n1260
171.44481,0.62099296,37,85,0,0,n1261
171.44481,0.641025,64,86,0,0,n1262
171.50624,0.42735,58,74,0,0,n1263
171.569,0.5168264,66,80,0,0,n1264
171.65181,0.21233954,67,76,0,0,n1265
171.86415,0.22168781,67,73,0,0,n1266
171.9336,0.15224344,58,73,0,0,n1267
172.02307,0.080128126,69,69,0,0,n1268
172.06046,0.06677344,70,92,0,0,n1269
172.0618,0.04540594,49,104,0,0,n1270
172.0658,0.05208328,37,94,0,0,n1271
172.30351,0.23771344,50,99,0,0,n1272
172.30486,0.23637797,74,102,0,0,n1273
172.30618,0.029380312,62,100,0,0,n1274
172.31686,0.22435875,38,88,0,0,n1275
172.33156,0.0013354687,36,70,0,0,n1276
172.70282,0.036057655,50,94,0,0,n1277
172.70682,0.044070467,38,90,0,0,n1278
172.7135,0.025373906,57,93,0,0,n1279
172.71484,0.20032032,66,98,0,0,n1280
172.72018,0.026709376,62,88,0,0,n1281
173.09679,0.6129801,49,102,0,0,n1282
173.10345,0.03071578,37,89,0,0,n1283
173.1088,0.60897374,64,83,0,0,n1284
173.13684,0.4366983,58,87,0,0,n1285
173.17424,0.54353577,66,76,0,0,n1286
173.29176,0.24572624,67,78,0,0,n1287
173.53749,0.18028829,67,63,0,0,n1288
173.57355,0.14423062,58,81,0,0,n1289
173.65634,0.07478625,69,67,0,0,n1290
173.69641,0.049412344,70,94,0,0,n1291
173.70575,0.028044844,68,36,0,0,n1292
173.70976,0.04540594,49,101,0,0,n1293
173.71777,0.05475422,37,88,0,0,n1294
173.96751,0.056089688,50,101,0,0,n1295
173.97285,0.28846124,38,89,0,0,n1296
173.97285,0.28846124,79,98,0,0,n1297
173.97552,0.28579032,70,94,0,0,n1298
173.97552,0.28579032,74,93,0,0,n1299
174.07701,0.18429469,40,5,0,0,n1300
174.45895,0.04540594,50,97,0,0,n1301
174.46162,0.49278796,66,104,0,0,n1302
174.46564,0.48878157,38,94,0,0,n1303
174.46564,0.48878157,74,94,0,0,n1304
174.46698,0.4874461,69,89,0,0,n1305
174.52573,0.42868546,40,28,0,0,n1306
174.75009,0.20432672,65,99,0,0,n1307
175.12804,0.51014906,43,95,0,0,n1308
175.13203,0.5061427,31,93,0,0,n1309
175.16008,0.078792654,78,74,0,0,n1310
175.16008,0.47809783,80,70,0,0,n1311
175.16676,0.3538992,79,84,0,0,n1312
175.3791,0.25908095,68,78,0,0,n1313
175.52066,0.11752125,79,84,0,0,n1314
175.56473,0.088140935,77,79,0,0,n1315
175.58209,0.056089688,57,44,0,0,n1316
175.79977,0.03205125,68,81,0,0,n1317
175.80377,0.07345078,65,83,0,0,n1318
175.80644,0.06810891,77,84,0,0,n1319
175.80779,0.065437965,56,77,0,0,n1320
175.86655,0.06810891,75,85,0,0,n1321
175.88391,0.06944437,58,73,0,0,n1322
175.95602,0.034722187,74,62,0,0,n1323
175.96136,0.05475422,59,73,0,0,n1324
175.96803,0.03071578,72,52,0,0,n1325
176.14966,0.10016016,53,74,0,0,n1326
176.1697,0.07211531,74,73,0,0,n1327
176.17503,0.07478625,65,74,0,0,n1328
176.17905,0.06677344,62,84,0,0,n1329
176.22446,0.08146359,55,70,0,0,n1330
176.22845,0.10416656,72,77,0,0,n1331
176.28455,0.06944437,71,68,0,0,n1332
176.32462,0.025373906,56,59,0,0,n1333
176.5049,0.048076876,50,76,0,0,n1334
176.5049,0.0641025,71,83,0,0,n1335
176.50624,0.046741407,62,79,0,0,n1336
176.50891,0.07612172,59,86,0,0,n1337
176.53696,0.08947641,51,72,0,0,n1338
176.55965,0.06276703,68,83,0,0,n1339
176.60106,0.029380312,69,72,0,0,n1340
176.62509,0.065437965,67,79,0,0,n1341
176.63445,0.048076876,53,63,0,0,n1342
176.8441,0.02270297,63,84,0,0,n1343
176.85078,0.026709376,51,91,0,0,n1344
176.8548,0.06944437,67,83,0,0,n1345
176.8588,0.065437965,60,85,0,0,n1346
176.90688,0.10416656,71,66,0,0,n1347
176.91087,0.036057655,70,60,0,0,n1348
176.9723,0.06677344,72,88,0,0,n1349
177.22739,0.76655906,72,87,0,0,n1350
177.23006,0.874732,43,89,0,0,n1351
177.2314,0.9909178,31,90,0,0,n1352
177.24875,0.9735567,63,90,0,0,n1353
177.28882,0.93349266,74,62,0,0,n1354
177.37695,0.21233954,75,80,0,0,n1355
177.5893,0.6330122,75,76,0,0,n1356
177.64139,0.5809289,67,74,0,0,n1357
177.67877,0.54353577,77,70,0,0,n1358
177.74689,0.17895281,79,87,0,0,n1359
177.77359,0.4487175,48,81,0,0,n1360
177.77626,0.44604656,36,69,0,0,n1361
177.92584,0.29647407,51,92,0,0,n1362
177.92584,0.29647407,79,86,0,0,n1363
177.93385,0.28846124,39,85,0,0,n1364
177.98193,0.24038437,83,78,0,0,n1365
177.99394,0.22836515,72,72,0,0,n1366
178.07408,0.14823703,84,83,0,0,n1367
178.09944,0.12286312,55,93,0,0,n1368
178.1048,0.11752125,43,84,0,0,n1369
178.26639,0.036057655,55,99,0,0,n1370
178.26639,0.034722187,57,101,0,0,n1371
178.26906,0.029380312,43,90,0,0,n1372
178.2744,0.03071578,45,88,0,0,n1373
178.28107,0.4366983,87,85,0,0,n1374
178.30911,0.40865344,75,88,0,0,n1375
178.38657,0.33119625,86,79,0,0,n1376
178.47205,0.24572624,84,80,0,0,n1377
178.5081,0.20966859,66,85,0,0,n1378
178.53748,0.18028829,68,52,0,0,n1379
178.72044,0.09081188,72,88,0,0,n1380
178.72711,0.06276703,66,79,0,0,n1381
178.73247,0.06143156,84,78,0,0,n1382
178.73781,0.03071578,86,74,0,0,n1383
178.74715,0.05341875,78,97,0,0,n1384
178.75116,0.06810891,67,74,0,0,n1385
178.7605,0.0013354687,74,54,0,0,n1386
178.78455,0.04139953,68,31,0,0,n1387
178.78722,0.08279906,82,85,0,0,n1388
178.86467,0.037393127,69,47,0,0,n1389
178.87001,0.046741407,81,66,0,0,n1390
179.04897,0.12286312,63,88,0,0,n1391
179.05031,0.05475422,75,94,0,0,n1392
179.06366,0.09481828,81,92,0,0,n1393
179.073,0.07211531,69,79,0,0,n1394
179.11841,0.10149562,79,75,0,0,n1395
179.13577,0.07745719,65,69,0,0,n1396
179.18251,0.07745719,78,87,0,0,n1397
179.19586,0.057425156,66,74,0,0,n1398
179.37616,0.046741407,72,77,0,0,n1399
179.38417,0.06276703,59,71,0,0,n1400
179.39352,0.03338672,71,68,0,0,n1401
179.39352,0.116185784,78,89,0,0,n1402
179.40154,0.065437965,66,86,0,0,n1403
179.40553,0.029380312,60,56,0,0,n1404
179.44693,0.036057655,61,76,0,0,n1405
179.47365,0.080128126,75,59,0,0,n1406
179.48032,0.046741407,62,84,0,0,n1407
179.487,0.03338672,60,53,0,0,n1408
179.487,0.06276703,76,70,0,0,n1409
179.52306,0.07211531,74,75,0,0,n1410
179.73807,0.23637797,82,91,0,0,n1411
179.74074,0.03205125,43,85,0,0,n1412
179.74341,0.028044844,55,88,0,0,n1413
179.75276,0.22168781,53,79,0,0,n1414
179.7848,0.18963656,44,29,0,0,n1415
179.78882,0.18563016,70,77,0,0,n1416
179.84491,0.12954047,81,77,0,0,n1417
179.93037,0.080128126,79,86,0,0,n1418
179.93172,0.042735,63,98,0,0,n1419
180.17877,0.22168781,79,93,0,0,n1420
180.18279,0.13621782,67,86,0,0,n1421
180.18279,0.14423062,75,95,0,0,n1422
180.18411,0.21634594,63,91,0,0,n1423
180.25223,0.14823703,77,89,0,0,n1424
180.26291,0.13755327,65,59,0,0,n1425
180.319,0.08146359,67,65,0,0,n1426
180.32701,0.07345078,75,81,0,0,n1427
180.53801,0.15892078,82,89,0,0,n1428
180.53935,0.15758531,55,88,0,0,n1429
180.58075,0.116185784,70,79,0,0,n1430
180.61147,0.112179376,81,76,0,0,n1431
180.68091,0.044070467,63,82,0,0,n1432
180.69293,0.06810891,79,86,0,0,n1433
180.88123,0.20165578,63,78,0,0,n1434
180.89058,0.15224344,67,96,0,0,n1435
180.89058,0.1923075,79,95,0,0,n1436
180.90393,0.13488235,75,86,0,0,n1437
180.9253,0.15758531,73,52,0,0,n1438
180.96136,0.12152766,77,70,0,0,n1439
180.97205,0.110843904,65,68,0,0,n1440
181.00676,0.07612172,76,45,0,0,n1441
181.03882,0.07211531,75,79,0,0,n1442
181.04282,0.040064063,67,63,0,0,n1443
181.25249,0.20699766,55,76,0,0,n1444
181.25516,0.20432672,82,84,0,0,n1445
181.29388,0.16559812,70,77,0,0,n1446
181.33395,0.12553406,81,77,0,0,n1447
181.38603,0.07345078,63,82,0,0,n1448
181.4114,0.058760624,79,81,0,0,n1449
181.6144,0.26175186,63,60,0,0,n1450
181.62776,0.13621782,67,80,0,0,n1451
181.62776,0.24839719,79,78,0,0,n1452
181.64645,0.12286312,75,63,0,0,n1453
181.70522,0.17094,77,75,0,0,n1454
181.71323,0.16292718,65,60,0,0,n1455
181.76398,0.112179376,67,61,0,0,n1456
181.76932,0.1068375,75,87,0,0,n1457
181.9229,0.35790563,60,75,0,0,n1458
181.93892,0.17361094,72,81,0,0,n1459
181.96696,0.31383514,75,86,0,0,n1460
181.99234,0.28846124,63,72,0,0,n1461
182.04042,0.24038437,62,68,0,0,n1462
182.04843,0.23237157,74,77,0,0,n1463
182.11253,0.16826907,72,74,0,0,n1464
182.28615,0.028044844,66,94,0,0,n1465
182.31953,0.4567303,72,87,0,0,n1466
182.3636,0.41265985,60,65,0,0,n1467
182.40634,0.36992484,62,29,0,0,n1468
182.42102,0.35523468,70,80,0,0,n1469
182.4878,0.28846124,52,88,0,0,n1470
182.48914,0.2871258,69,77,0,0,n1471
182.49982,0.27644202,50,87,0,0,n1472
182.77492,0.32986078,43,83,0,0,n1473
182.79897,0.30582234,70,83,0,0,n1474
182.83502,0.2697647,58,68,0,0,n1475
182.94319,0.16159172,69,66,0,0,n1476
182.98059,0.12419859,51,78,0,0,n1477
183.05804,0.046741407,67,44,0,0,n1478
183.16621,0.06677344,63,88,0,0,n1479
183.1769,0.08947641,51,69,0,0,n1480
183.19293,0.058760624,55,68,0,0,n1481
183.19426,0.05475422,69,74,0,0,n1482
183.20094,0.056089688,57,77,0,0,n1483
183.20094,0.0641025,67,70,0,0,n1484
183.2517,0.1068375,66,80,0,0,n1485
183.28775,0.084134534,53,68,0,0,n1486
183.35318,0.05475422,67,20,0,0,n1487
183.35986,0.036057655,64,67,0,0,n1488
183.37187,0.03338672,55,72,0,0,n1489
183.5268,0.18963656,43,79,0,0,n1490
183.53348,0.18295921,70,92,0,0,n1491
183.57755,0.13888875,58,72,0,0,n1492
183.62161,0.09615375,69,69,0,0,n1493
183.67903,0.06677344,67,69,0,0,n1494
183.6817,0.034722187,51,86,0,0,n1495
183.87535,0.20966859,51,79,0,0,n1496
183.89404,0.16159172,55,82,0,0,n1497
183.89806,0.1669336,63,85,0,0,n1498
183.91008,0.17494641,67,68,0,0,n1499
183.91275,0.17227547,69,72,0,0,n1500
183.93277,0.15224344,57,45,0,0,n1501
183.96483,0.14155969,65,82,0,0,n1502
183.98886,0.09615375,53,58,0,0,n1503
184.05563,0.060096093,55,65,0,0,n1504
184.06499,0.07478625,63,79,0,0,n1505
184.27199,0.16826907,46,46,0,0,n1506
184.27733,0.16292718,70,83,0,0,n1507
184.28,0.16025625,43,81,0,0,n1508
184.30003,0.14022422,58,78,0,0,n1509
184.31873,0.12152766,44,37,0,0,n1510
184.35478,0.10817297,69,61,0,0,n1511
184.41489,0.036057655,51,85,0,0,n1512
184.41756,0.065437965,67,76,0,0,n1513
184.6192,0.13755327,51,78,0,0,n1514
184.62187,0.13488235,55,89,0,0,n1515
184.62589,0.13087593,67,88,0,0,n1516
184.63123,0.12553406,63,93,0,0,n1517
184.69667,0.11485031,65,79,0,0,n1518
184.71135,0.093482815,53,63,0,0,n1519
184.77278,0.07612172,63,66,0,0,n1520
184.77812,0.060096093,55,65,0,0,n1521
184.97978,0.14556609,60,88,0,0,n1522
184.99313,0.14022422,48,61,0,0,n1523
185.01184,0.120192185,63,89,0,0,n1524
185.02385,0.10149562,51,84,0,0,n1525
185.03053,0.09481828,47,48,0,0,n1526
185.07727,0.13087593,62,61,0,0,n1527
185.07861,0.05208328,64,32,0,0,n1528
185.12134,0.078792654,50,51,0,0,n1529
185.15205,0.07478625,51,59,0,0,n1530
185.1761,0.065437965,60,53,0,0,n1531
185.39378,0.4233436,53,68,0,0,n1532
185.4018,0.41533077,60,82,0,0,n1533
185.45522,0.36191204,48,60,0,0,n1534
185.52466,0.29246765,58,76,0,0,n1535
185.58876,0.22836515,38,88,0,0,n1536
185.6088,0.20833312,57,83,0,0,n1537
185.85585,0.7051275,31,80,0,0,n1538
185.87589,0.470085,58,67,0,0,n1539
185.91995,0.641025,46,61,0,0,n1540
185.98672,0.45005298,57,71,0,0,n1541
186.04683,0.37793764,38,70,0,0,n1542
186.07487,0.48611063,55,74,0,0,n1543
186.23512,0.32585436,54,90,0,0,n1544
186.25516,0.30582234,60,84,0,0,n1545
186.26451,0.29647407,48,70,0,0,n1546
186.27118,0.2897967,47,71,0,0,n1547
186.34596,0.21501046,58,83,0,0,n1548
186.42476,0.13621782,38,84,0,0,n1549
186.43678,0.12419859,57,72,0,0,n1550
186.60371,0.8173069,31,86,0,0,n1551
186.6104,0.49011704,58,82,0,0,n1552
186.63977,0.7812492,46,73,0,0,n1553
186.7159,0.47943327,57,70,0,0,n1554
186.75996,0.66105705,38,72,0,0,n1555
186.77599,0.6450314,55,73,0,0,n1556
186.97363,0.44738203,54,85,0,0,n1557
186.99501,0.42601454,48,85,0,0,n1558
186.99901,0.42200813,60,84,0,0,n1559
187.10051,0.3205125,58,82,0,0,n1560
187.16461,0.25641,40,72,0,0,n1561
187.19533,0.22569422,57,81,0,0,n1562
187.43037,1.387552,43,94,0,0,n1563
187.43037,0.12152766,62,86,0,0,n1564
187.43437,1.3835456,31,87,0,0,n1565
187.4691,0.09081188,50,77,0,0,n1566
187.51584,0.13621782,60,74,0,0,n1567
187.60799,0.070779845,58,75,0,0,n1568
187.83368,0.12152766,67,76,0,0,n1569
187.85237,0.102831095,55,78,0,0,n1570
187.91782,0.11885672,63,74,0,0,n1571
187.99394,0.578258,62,81,0,0,n1572
188.18358,0.4366983,70,86,0,0,n1573
188.22096,0.5969545,58,77,0,0,n1574
188.27573,0.5422003,68,24,0,0,n1575
188.28506,0.4099889,69,73,0,0,n1576
188.35184,0.46607858,67,77,0,0,n1577
188.52278,0.2951386,74,91,0,0,n1578
188.57219,0.24572624,62,82,0,0,n1579
188.62027,0.19764937,70,88,0,0,n1580
188.67769,0.14022422,50,80,0,0,n1581
188.6817,0.13621782,38,74,0,0,n1582
188.69505,0.12286312,69,83,0,0,n1583
188.70306,0.11485031,71,51,0,0,n1584
188.81659,0.05074781,34,45,0,0,n1585
188.88202,1.6199236,43,87,0,0,n1586
188.88336,1.6185881,31,88,0,0,n1587
188.88736,0.5114845,79,95,0,0,n1588
188.92075,1.581195,67,79,0,0,n1589
188.98886,1.5130861,75,90,0,0,n1590
189.08101,0.5608969,74,84,0,0,n1591
189.23993,0.5181619,82,100,0,0,n1592
189.292,1.2099347,70,79,0,0,n1593
189.34276,1.1591868,81,83,0,0,n1594
189.39885,0.6517087,79,78,0,0,n1595
189.59383,0.6169866,86,84,0,0,n1596
189.60318,0.89877045,88,59,0,0,n1597
189.6419,0.86004186,74,85,0,0,n1598
189.66728,0.834668,84,85,0,0,n1599
189.75809,0.7438561,82,94,0,0,n1600
189.98378,0.5181619,91,82,0,0,n1601
189.9878,0.51415545,93,74,0,0,n1602
190.05055,0.45138845,79,88,0,0,n1603
190.13603,0.36591843,87,87,0,0,n1604
190.1948,0.3071578,50,85,0,0,n1605
190.19879,0.3031514,38,83,0,0,n1606
190.21082,0.29113218,86,95,0,0,n1607
190.52731,2.5774548,43,93,0,0,n1608
190.534,0.034722187,31,95,0,0,n1609
190.53667,2.5681064,94,106,0,0,n1610
190.53801,0.68108904,82,98,0,0,n1611
190.57005,2.5347197,34,43,0,0,n1612
191.0348,0.49412343,79,97,0,0,n1613
191.0348,2.0699766,91,96,0,0,n1614
191.21909,0.44604656,82,98,0,0,n1615
191.38336,0.4233436,74,92,0,0,n1616
191.38336,1.7214192,86,89,0,0,n1617
191.52892,0.40731797,79,89,0,0,n1618
191.66515,1.4396353,82,87,0,0,n1619
191.66647,0.40464702,70,85,0,0,n1620
191.8067,0.41666624,74,88,0,0,n1621
191.93356,0.39663422,67,90,0,0,n1622
191.93623,1.1685351,79,95,0,0,n1623
192.07112,0.39396328,70,85,0,0,n1624
192.22203,0.3672539,62,88,0,0,n1625
192.22336,0.88140935,74,93,0,0,n1626
192.3302,0.40064064,67,87,0,0,n1627
192.46509,0.6396895,70,98,0,0,n1628
192.47043,0.38862142,58,90,0,0,n1629
192.58928,0.51549095,62,92,0,0,n1630
192.72684,0.45005298,55,98,0,0,n1631
192.73085,0.37393126,67,92,0,0,n1632
192.85905,0.24572624,58,85,0,0,n1633
193.0754,1.0723814,48,80,0,0,n1634
193.09009,0.6276703,63,88,0,0,n1635
193.09009,0.6276703,68,92,0,0,n1636
193.09276,0.6249994,60,81,0,0,n1637
193.4146,0.3031514,56,96,0,0,n1638
193.53079,1.732103,54,90,0,0,n1639
193.69905,1.563834,57,102,0,0,n1640
193.69905,1.0309819,69,101,0,0,n1641
193.866,1.3969003,51,82,0,0,n1642
194.02225,1.2406504,60,95,0,0,n1643
194.14778,1.1151164,48,87,0,0,n1644
194.26396,0.99893063,63,101,0,0,n1645
194.3895,0.8733966,45,91,0,0,n1646
194.50435,0.75854623,66,95,0,0,n1647
194.59782,0.66506344,42,85,0,0,n1648
194.73004,0.53285205,69,90,0,0,n1649
194.83821,0.42467907,39,79,0,0,n1650
194.97176,0.3725958,72,97,0,0,n1651
195.04387,0.21901688,36,77,0,0,n1652
195.3083,0.058760624,31,91,0,0,n1653
195.31364,0.08279906,70,92,0,0,n1654
195.31631,0.05475422,62,88,0,0,n1655
195.32433,0.05208328,67,79,0,0,n1656
195.71161,0.42067266,67,91,0,0,n1657
195.71695,1.6639941,79,92,0,0,n1658
195.8545,0.39529875,70,80,0,0,n1659
195.99207,0.35790563,62,93,0,0,n1660
195.99606,1.3848811,74,93,0,0,n1661
196.13228,0.34054452,67,86,0,0,n1662
196.2498,1.131142,70,94,0,0,n1663
196.25247,0.33253172,58,86,0,0,n1664
196.34996,0.33653814,62,81,0,0,n1665
196.46883,0.31517062,55,94,0,0,n1666
196.47282,0.9081187,67,88,0,0,n1667
196.585,0.31784156,58,84,0,0,n1668
196.68651,0.69444376,62,95,0,0,n1669
196.68918,0.32718983,50,87,0,0,n1670
196.784,0.36992484,55,86,0,0,n1671
196.90285,0.36191204,46,93,0,0,n1672
196.90285,0.47809783,58,93,0,0,n1673
197.01636,0.36458296,50,85,0,0,n1674
197.1499,0.2310361,43,94,0,0,n1675
197.15392,0.22702968,55,83,0,0,n1676
197.26476,0.116185784,46,84,0,0,n1677
197.413,0.44337562,51,88,0,0,n1678
197.41434,0.06276703,48,82,0,0,n1679
197.41434,0.44204015,56,86,0,0,n1680
197.41566,0.8960995,36,87,0,0,n1681
197.66006,0.1963139,44,95,0,0,n1682
197.77223,1.9270815,42,87,0,0,n1683
197.9178,1.7815154,45,98,0,0,n1684
197.92581,1.0202981,57,93,0,0,n1685
197.95787,0.034722187,54,58,0,0,n1686
198.07405,1.6252655,39,77,0,0,n1687
198.19691,1.5024023,47,77,0,0,n1688
198.20093,1.4983959,48,80,0,0,n1689
198.31177,1.387552,36,84,0,0,n1690
198.43463,1.2646888,51,86,0,0,n1691
198.56284,1.1364839,33,87,0,0,n1692
198.69505,1.0042725,54,88,0,0,n1693
198.80989,0.8894222,30,84,0,0,n1694
198.94612,0.75320435,57,92,0,0,n1695
199.11038,0.5889417,27,87,0,0,n1696
199.26396,0.53151655,60,91,0,0,n1697
199.39082,0.3084933,24,82,0,0,n1698
199.7514,0.07345078,31,96,0,0,n1699
199.75273,1.1792189,58,88,0,0,n1700
199.75674,1.0202981,50,79,0,0,n1701
199.76208,1.3488234,55,77,0,0,n1702
200.35637,1.5344536,46,91,0,0,n1703
200.56871,1.1805544,62,88,0,0,n1704
200.77704,0.8039522,50,88,0,0,n1705
200.93196,0.49679437,58,91,0,0,n1706
201.11092,0.16826907,55,92,0,0,n1707
201.27917,6.0616927,55,90,0,0,n1708
201.42876,5.9121203,58,100,0,0,n1709
201.581,5.7598767,50,89,0,0,n1710
201.74927,5.5916076,62,101,0,0,n1711
201.89082,5.450048,46,93,0,0,n1712
202.12987,5.210999,67,98,0,0,n1713
202.3716,4.9692793,43,91,0,0,n1714
202.6427,4.6981792,70,100,0,0,n1715
202.99927,4.341609,31,92,0,0,n1716
203.5695,3.7713637,79,103,0,0,n1717
