xml_id	midi_id	track	channel	pitch	onset
n12-1	n2	0	0	31	3.0918832791666664
n48-1	n34	0	0	31	5.740390068749998
n60-1	n45	0	0	31	6.608980637499999
n279-1	n250	0	0	31	22.517115408333332
n380-1	n348	0	0	31	31.393192216666705
n414-1	n367	0	0	31	35.66883730416676
n414-2	n522	0	0	31	60.363305208333664
n848-1	n814	0	0	31	121.88900468333537
n1107-1	n933	0	0	31	144.9744967
n1143-1	n965	0	0	31	147.6336872604167
n1155-1	n976	0	0	31	148.52364537083344
n1374-1	n1182	0	0	31	164.80037023541615
n1480-1	n1284	0	0	31	173.87623355833182
n1514-1	n1318	0	0	31	176.1967485833318
n1687-1	n1489	0	0	31	184.1070125083318
n1700-1	n1502	0	0	31	184.7790216937484
n1713-1	n1516	0	0	31	185.54397968541502
n1736-1	n1537	0	0	31	186.86022025208152
n1756-1	n1559	0	0	31	188.21064888541483
n1823-1	n1608	0	0	31	192.92112344583143
n236-1	n218	0	0	32	19.648522939583334
n403-1	n363	0	0	32	35.11221284375009
n403-2	n517	0	0	32	59.75433027083367
n837-1	n809	0	0	32	121.24370492500205
n1331-1	n1150	0	0	32	161.88904268333292
n223-1	n206	0	0	33	18.79809478125
n249-1	n231	0	0	33	20.519250262499998
n1076-1	n912	0	0	33	137.5332503145846
n1318-1	n1138	0	0	33	161.00976834374956
n1344-1	n1162	0	0	33	162.7992999583329
n25-1	n18	0	0	34	4.639961672916665
n73-1	n60	0	0	34	8.161332539583332
n210-1	n190	0	0	34	17.751085239583325
n292-1	n266	0	0	34	24.05023652291666
n391-1	n353	0	0	34	33.3280231145834
n492-1	n423	0	0	34	44.353674614583475
n589-1	n505	0	0	34	57.45197765625032
n492-2	n576	0	0	34	70.00968189375055
n825-1	n798	0	0	34	118.8441299958353
n1018-1	n869	0	0	34	130.5076026145852
n1064-1	n907	0	0	34	136.59307848125158
n1120-1	n949	0	0	34	146.49586566666667
n1168-1	n991	0	0	34	150.11018533958355
n1305-1	n1121	0	0	34	159.96916906458293
n1387-1	n1199	0	0	34	166.30891867708283
n36-1	n22	0	0	36	4.862184106249998
n84-1	n64	0	0	36	8.401717383333335
n111-1	n94	0	0	36	10.618599831249998
n303-1	n270	0	0	36	24.31198890833333
n436-1	n387	0	0	36	38.86221640625009
n436-2	n541	0	0	36	63.89215471458368
n804-1	n782	0	0	36	113.43386844583509
n870-1	n833	0	0	36	125.20417877291874
n1131-1	n953	0	0	36	146.74159239583332
n1179-1	n995	0	0	36	150.3484334291669
n1206-1	n1025	0	0	36	152.6262133708335
n1398-1	n1203	0	0	36	166.56639755416614
n1526-1	n1327	0	0	36	176.76405681458178
n1815-1	n1605	0	0	36	192.77155065416474
n1853-1	n1636	0	0	36	195.2459119791646
n341-1	n307	0	0	37	27.02780345416666
n343-1	n317	0	0	37	27.698744262499993
n362-1	n328	0	0	37	29.09297635625
n364-1	n336	0	0	37	29.754301770833337
n1436-1	n1239	0	0	37	169.30998990416575
n1438-1	n1249	0	0	37	169.99375123749905
n1457-1	n1260	0	0	37	171.44567569374874
n1459-1	n1269	0	0	37	172.100590845832
n38-1	n27	0	0	38	5.302355464583331
n50-1	n42	0	0	38	6.372869302083333
n86-1	n70	0	0	38	8.831204970833335
n99-1	n86	0	0	38	9.947659022916664
n119-1	n100	0	0	38	11.090822502083332
n233-1	n210	0	0	38	19.052368527083335
n246-1	n222	0	0	38	19.919890718749997
n259-1	n233	0	0	38	20.7692505
n269-1	n247	0	0	38	22.2756621875
n305-1	n276	0	0	38	24.73827136458333
n318-1	n292	0	0	38	25.84297326874999
n331-1	n302	0	0	38	26.553444029166652
n350-1	n321	0	0	38	27.96797528749999
n352-1	n325	0	0	38	28.50750571458333
n372-1	n341	0	0	38	30.08122515833334
n374-1	n347	0	0	38	30.64212312708335
n1083-1	n917	0	0	38	138.4403024583344
n1092-1	n925	0	0	38	141.0375271479173
n1095-1	n930	0	0	38	144.69885541250002
n1133-1	n960	0	0	38	147.18069537708334
n1145-1	n972	0	0	38	148.2704400020834
n1181-1	n1000	0	0	38	150.7971518041669
n1194-1	n1017	0	0	38	151.91787936458354
n1214-1	n1031	0	0	38	153.0834787625002
n1328-1	n1141	0	0	38	161.28327287708294
n1341-1	n1153	0	0	38	162.20741905416622
n1354-1	n1164	0	0	38	163.0503685729162
n1364-1	n1178	0	0	38	164.56105376874953
n1400-1	n1209	0	0	38	167.0097740437494
n1413-1	n1223	0	0	38	168.1198178333326
n1426-1	n1234	0	0	38	168.80998942916588
n1445-1	n1253	0	0	38	170.2928968208323
n1447-1	n1257	0	0	38	170.82388023124884
n1468-1	n1274	0	0	38	172.38264239583188
n1470-1	n1279	0	0	38	172.95849764374847
n1677-1	n1487	0	0	38	183.9050892395818
n1688-1	n1493	0	0	38	184.27795284166515
n1690-1	n1499	0	0	38	184.62410701666514
n1701-1	n1506	0	0	38	184.94248338749836
n1703-1	n1513	0	0	38	185.3046632187484
n1726-1	n1534	0	0	38	186.6988953124982
n1749-1	n1555	0	0	38	187.98415294374817
n97-1	n77	0	0	39	9.311974658333336
n109-1	n88	0	0	39	10.177360095833329
n197-1	n183	0	0	39	17.10044359583333
n220-1	n196	0	0	39	18.19446172916666
n316-1	n283	0	0	39	25.223314560416654
n329-1	n295	0	0	39	26.085494866666654
n628-1	n665	0	0	39	85.37935461458446
n673-1	n693	0	0	39	91.46696723541801
n1075-1	n908	0	0	39	136.88367704791813
n1192-1	n1006	0	0	39	151.26723772083355
n1204-1	n1019	0	0	39	152.16894797916686
n1292-1	n1114	0	0	39	159.30570689583288
n1315-1	n1127	0	0	39	160.41040879999954
n1411-1	n1214	0	0	39	167.47879158333268
n1424-1	n1227	0	0	39	168.34738215208262
n1528-1	n1331	0	0	39	176.98093736249842
n1814-1	n1603	0	0	39	192.58351628749807
n208-1	n185	0	0	41	17.319460897916663
n467-1	n403	0	0	41	41.48294539166678
n467-2	n557	0	0	41	66.78531985625042
n606-1	n651	0	0	41	82.1293515270844
n649-1	n680	0	0	41	88.72123813125131
n694-1	n712	0	0	41	95.82594573541806
n724-1	n736	0	0	41	102.48300334166822
n818-1	n793	0	0	41	116.58023895625178
n901-1	n849	0	0	41	127.60268532500207
n1303-1	n1116	0	0	41	159.5386130999996
n685-1	n702	0	0	42	93.46590075833468
n734-1	n738	0	0	42	104.42317612500156
n744-1	n750	0	0	42	107.58343553750167
n781-1	n767	0	0	42	110.56207084583505
n1805-1	n1601	0	0	42	192.39655029791473
n13-1	n3	0	0	43	3.1014986729166663
n49-1	n33	0	0	43	5.7350481833333316
n61-1	n43	0	0	43	6.60577550625
n135-1	n110	0	0	43	11.985054120833329
n170-1	n150	0	0	43	14.683774633333323
n187-1	n162	0	0	43	15.578006252083323
n280-1	n249	0	0	43	22.51070514583333
n381-1	n349	0	0	43	31.39853410208337
n1108-1	n934	0	0	43	144.9744967
n1144-1	n964	0	0	43	147.63155050625005
n1156-1	n974	0	0	43	148.51937186250012
n1230-1	n1041	0	0	43	154.08241133541668
n1265-1	n1082	0	0	43	156.84416609583315
n1282-1	n1092	0	0	43	157.7629703874997
n1375-1	n1181	0	0	43	164.7918232187495
n1481-1	n1283	0	0	43	173.86341303333182
n1515-1	n1321	0	0	43	176.42110777083175
n1530-1	n1335	0	0	43	177.15935633541508
n1540-1	n1339	0	0	43	177.34525394791507
n1572-1	n1372	0	0	43	178.82281945416509
n1629-1	n1431	0	0	43	181.50230917916514
n1643-1	n1446	0	0	43	182.1593610854151
n1657-1	n1460	0	0	43	182.77260953124835
n1714-1	n1515	0	0	43	185.53543266874837
n1737-1	n1536	0	0	43	186.85808349791486
n1757-1	n1558	0	0	43	188.19782836041483
n1822-1	n1607	0	0	43	192.9179183145814
n1844-1	n1631	0	0	43	194.91364670624793
n237-1	n217	0	0	44	19.643181054166668
n684-1	n709	0	0	44	94.9017995583347
n723-1	n734	0	0	44	101.70415644791824
n1332-1	n1149	0	0	44	161.8858375520829
n224-1	n205	0	0	45	18.79168451875
n250-1	n230	0	0	45	20.512839999999997
n518-1	n445	0	0	45	47.47333569791683
n518-2	n598	0	0	45	73.01716338333405
n1074-1	n914	0	0	45	137.5428657083346
n1096-1	n929	0	0	45	141.28325387708395
n1319-1	n1137	0	0	45	161.0044264583329
n1345-1	n1161	0	0	45	162.79502644999957
n1541-1	n1341	0	0	45	177.37196337499842
n1804-1	n1599	0	0	45	192.18821676666474
n26-1	n20	0	0	46	4.647440312499998
n74-1	n61	0	0	46	8.170947933333332
n131-1	n111	0	0	46	11.990396006249995
n145-1	n132	0	0	46	13.544884662499996
n171-1	n151	0	0	46	14.68591138749999
n183-1	n161	0	0	46	15.575869497916656
n211-1	n191	0	0	46	17.751085239583325
n293-1	n267	0	0	46	24.052373277083326
n392-1	n354	0	0	46	33.35793767291674
n493-1	n424	0	0	46	44.36329000833348
n590-1	n506	0	0	46	57.47441357500033
n493-2	n577	0	0	46	70.01929728750055
n826-1	n800	0	0	46	118.86763429166864
n1019-1	n870	0	0	46	130.52362827083522
n1041-1	n885	0	0	46	133.29606680208516
n1063-1	n900	0	0	46	135.78324865208506
n1082-1	n922	0	0	46	139.99906462291742
n1121-1	n950	0	0	46	146.50975456875
n1169-1	n992	0	0	46	150.1208691104169
n1226-1	n1042	0	0	46	154.08775322083335
n1240-1	n1062	0	0	46	155.6262162208332
n1266-1	n1081	0	0	46	156.83775583333315
n1278-1	n1093	0	0	46	157.7629703874997
n1306-1	n1123	0	0	46	159.9745109499996
n1388-1	n1198	0	0	46	166.3046451687495
n1680-1	n1492	0	0	46	184.27154257916516
n1693-1	n1504	0	0	46	184.91577396041504
n1842-1	n1629	0	0	46	194.70424479791464
n415-1	n368	0	0	47	35.923111050000095
n536-1	n459	0	0	47	49.29278187083352
n415-2	n523	0	0	47	60.66351916875033
n536-2	n610	0	0	47	74.98831910208416
n722-1	n733	0	0	47	101.29176289375154
n767-1	n766	0	0	47	110.26506201666838
n849-1	n815	0	0	47	122.2159280708354
n37-1	n21	0	0	48	4.855773843749998
n33-1	n30	0	0	48	5.403851287499998
n85-1	n63	0	0	48	8.397443875
n112-1	n93	0	0	48	10.614326322916664
n156-1	n135	0	0	48	13.77672248958333
n304-1	n269	0	0	48	24.30344189166666
n431-1	n385	0	0	48	38.451959606250085
n439-1	n390	0	0	48	39.635721414583436
n455-1	n393	0	0	48	40.13358513541677
n481-1	n421	0	0	48	44.11115301666681
n547-1	n472	0	0	48	51.09513401041688
n559-1	n479	0	0	48	52.081246058333555
n570-1	n496	0	0	48	54.369709770833595
n404-2	n519	0	0	48	59.98403134375033
n431-2	n539	0	0	48	63.49365006250034
n439-2	n544	0	0	48	64.71266831458371
n455-2	n547	0	0	48	65.19343800208371
n481-2	n574	0	0	48	69.77463893541723
n547-2	n625	0	0	48	76.75755155208415
n559-2	n630	0	0	48	77.63362076041751
n570-2	n647	0	0	48	80.04922134583428
n639-1	n674	0	0	48	87.13149303125117
n838-1	n810	0	0	48	121.49156840833538
n865-1	n831	0	0	48	124.88793915625206
n873-1	n836	0	0	48	125.8441366458354
n889-1	n839	0	0	48	126.31956444791874
n915-1	n867	0	0	48	130.27576478750188
n1132-1	n952	0	0	48	146.74052401875
n1128-1	n961	0	0	48	147.2501398875
n1180-1	n994	0	0	48	150.3452282979169
n1207-1	n1024	0	0	48	152.61766635416686
n1251-1	n1067	0	0	48	155.88155834374982
n1399-1	n1202	0	0	48	166.56532917708282
n1527-1	n1326	0	0	48	176.7587149291651
n1673-1	n1477	0	0	48	183.4029520104151
n1669-1	n1485	0	0	48	183.82389258124843
n1684-1	n1497	0	0	48	184.57282491666513
n1697-1	n1511	0	0	48	185.25444949583172
n1789-1	n1586	0	0	48	190.81748896874817
n1795-1	n1596	0	0	48	191.9489002999981
n1850-1	n1638	0	0	48	195.26086925833124
n342-1	n306	0	0	49	27.023529945833324
n344-1	n315	0	0	49	27.69660750833333
n363-1	n326	0	0	49	29.089771225
n365-1	n335	0	0	49	29.74895988541667
n690-1	n713	0	0	49	95.82701411250139
n721-1	n731	0	0	49	100.90607876666822
n745-1	n751	0	0	49	107.58557229166834
n780-1	n768	0	0	49	110.58664351875171
n791-1	n781	0	0	49	113.07703050000173
n1437-1	n1238	0	0	49	169.30678477291573
n1439-1	n1248	0	0	49	169.99054610624904
n1458-1	n1259	0	0	49	171.44033380833207
n1460-1	n1268	0	0	49	172.09738571458197
n2-1	n0	0	0	50	2.8002163354166667
n5-1	n4	0	0	50	3.161327789583333
n9-1	n8	0	0	50	3.603635902083333
n16-1	n12	0	0	50	4.071585064583333
n20-1	n16	0	0	50	4.493594012499999
n39-1	n28	0	0	50	5.302355464583331
n42-1	n36	0	0	50	5.833338874999999
n47-1	n41	0	0	50	6.371800925
n53-1	n46	0	0	50	6.648510589583332
n57-1	n50	0	0	50	7.125006768749999
n64-1	n54	0	0	50	7.589750799999998
n68-1	n58	0	0	50	8.027785404166666
n87-1	n69	0	0	50	8.829068216666668
n100-1	n84	0	0	50	9.933770120833332
n120-1	n99	0	0	50	11.0833438625
n122-1	n106	0	0	50	11.71795985
n133-1	n115	0	0	50	12.469028939583326
n159-1	n143	0	0	50	14.214757093749993
n174-1	n157	0	0	50	15.323732506249991
n185-1	n167	0	0	50	16.018177610416654
n234-1	n208	0	0	50	19.044889887500002
n247-1	n220	0	0	50	19.913480456249996
n260-1	n232	0	0	50	20.768182122916667
n263-1	n243	0	0	50	21.744678777083337
n267-1	n246	0	0	50	22.0833543125
n272-1	n252	0	0	50	22.586559918749998
n276-1	n256	0	0	50	23.043825310416665
n283-1	n260	0	0	50	23.504295833333327
n287-1	n264	0	0	50	23.93164666666666
n306-1	n275	0	0	50	24.737202987499998
n319-1	n290	0	0	50	25.836563006249992
n332-1	n301	0	0	50	26.54703376666665
n351-1	n318	0	0	50	27.962633402083323
n353-1	n324	0	0	50	28.502163829166665
n373-1	n339	0	0	50	30.07802002708334
n375-1	n346	0	0	50	30.63464448750002
n388-1	n356	0	0	50	33.748963685416754
n398-1	n361	0	0	50	34.94768277291676
n400-1	n365	0	0	50	35.44875162500009
n407-1	n370	0	0	50	36.25537632291676
n409-1	n373	0	0	50	36.80131701250009
n426-1	n381	0	0	50	37.77354015833342
n432-1	n388	0	0	50	39.1699090062501
n480-1	n419	0	0	50	44.041708506250146
n569-1	n494	0	0	50	54.10154712291693
n398-2	n515	0	0	50	59.551338625000334
n400-2	n520	0	0	50	60.123988741667
n407-2	n525	0	0	50	61.04065627916699
n409-2	n528	0	0	50	61.687024414583654
n426-2	n535	0	0	50	62.75646987500034
n432-2	n542	0	0	50	64.21480459375036
n480-2	n572	0	0	50	69.68489526041722
n569-2	n645	0	0	50	79.74687063125093
n757-1	n752	0	0	50	107.872965727085
n770-1	n765	0	0	50	110.11762597916838
n831-1	n812	0	0	50	121.64434633125204
n841-1	n817	0	0	50	122.62191136250206
n843-1	n820	0	0	50	123.29071541666873
n860-1	n827	0	0	50	124.37832328750207
n866-1	n834	0	0	50	125.43601660000208
n914-1	n865	0	0	50	130.19777326041856
n1091-1	n931	0	0	50	144.70099216666668
n1100-1	n935	0	0	50	144.99906937291667
n1104-1	n939	0	0	50	145.47556555208337
n1111-1	n943	0	0	50	145.95740361666668
n1115-1	n947	0	0	50	146.36338690833335
n1134-1	n958	0	0	50	147.17749024583333
n1137-1	n967	0	0	50	147.72022580416672
n1142-1	n973	0	0	50	148.28326052708343
n1148-1	n977	0	0	50	148.5642437000001
n1152-1	n981	0	0	50	149.04501338750012
n1159-1	n985	0	0	50	149.50655228750014
n1163-1	n989	0	0	50	149.94138176041685
n1182-1	n1001	0	0	50	150.7971518041669
n1195-1	n1016	0	0	50	151.9136058562502
n1215-1	n1030	0	0	50	153.0770685000002
n1217-1	n1039	0	0	50	153.7565563250001
n1228-1	n1049	0	0	50	154.55997589166665
n1254-1	n1075	0	0	50	156.33455022708318
n1269-1	n1089	0	0	50	157.47237182083313
n1280-1	n1098	0	0	50	158.22985117291628
n1329-1	n1139	0	0	50	161.2768626145829
n1342-1	n1151	0	0	50	162.1903250208329
n1355-1	n1163	0	0	50	163.04823181874954
n1358-1	n1174	0	0	50	164.0119079479162
n1362-1	n1177	0	0	50	164.3740877791662
n1367-1	n1184	0	0	50	164.87195149999948
n1371-1	n1188	0	0	50	165.33242202291615
n1378-1	n1192	0	0	50	165.77793526666613
n1382-1	n1196	0	0	50	166.18926044374948
n1401-1	n1207	0	0	50	167.00443215833272
n1414-1	n1222	0	0	50	168.1134075708326
n1427-1	n1233	0	0	50	168.80357916666588
n1446-1	n1251	0	0	50	170.28755493541564
n1448-1	n1255	0	0	50	170.81853834583217
n1469-1	n1272	0	0	50	172.37516375624855
n1471-1	n1278	0	0	50	172.94888224999846
n1500-1	n1306	0	0	50	175.4467478708318
n1620-1	n1428	0	0	50	181.32816371458182
n1674-1	n1480	0	0	50	183.54290940833178
n1710-1	n1517	0	0	50	185.656159279165
n1727-1	n1533	0	0	50	186.69675855833154
n1750-1	n1554	0	0	50	187.98094781249816
n1837-1	n1626	0	0	50	194.49697964374795
n1847-1	n1630	0	0	50	194.79185171874795
n29-1	n24	0	0	51	4.955132912499998
n77-1	n66	0	0	51	8.473298647916668
n98-1	n76	0	0	51	9.310906281250002
n110-1	n87	0	0	51	10.176291718749995
n198-1	n182	0	0	51	17.099375218749998
n221-1	n197	0	0	51	18.195530106249993
n296-1	n272	0	0	51	24.389980435416664
n317-1	n281	0	0	51	25.216904297916656
n330-1	n293	0	0	51	26.084426489583322
n433-1	n389	0	0	51	39.47653322916677
n479-1	n417	0	0	51	43.82482795833348
n578-1	n503	0	0	51	55.68274520625029
n433-2	n543	0	0	51	64.53104421041704
n479-2	n570	0	0	51	69.4754933520839
n691-1	n715	0	0	51	96.95094680416814
n813-1	n796	0	0	51	117.86122307916857
n867-1	n835	0	0	51	125.67853819791874
n913-1	n863	0	0	51	129.97875595833523
n1124-1	n955	0	0	51	146.80569502083333
n1172-1	n997	0	0	51	150.3997155291669
n1193-1	n1007	0	0	51	151.26723772083355
n1205-1	n1018	0	0	51	152.16787960208353
n1293-1	n1113	0	0	51	159.30357014166623
n1316-1	n1128	0	0	51	160.41040879999954
n1391-1	n1204	0	0	51	166.62408991666615
n1412-1	n1213	0	0	51	167.47238132083268
n1425-1	n1225	0	0	51	168.34524539791596
n1501-1	n1307	0	0	51	175.47559405208182
n1511-1	n1311	0	0	51	175.67431218958185
n1529-1	n1330	0	0	51	176.97666385416508
n1630-1	n1436	0	0	51	181.68713841458182
n1632-1	n1440	0	0	51	181.96384807916516
n1644-1	n1449	0	0	51	182.3174808937484
n1646-1	n1458	0	0	51	182.63265213333173
n1658-1	n1465	0	0	51	182.93820797916507
n1660-1	n1472	0	0	51	183.26833649791507
n1665-1	n1478	0	0	51	183.4382084541651
n1675-1	n1482	0	0	51	183.5824393604151
n1794-1	n1594	0	0	51	191.69462655416476
n1851-1	n1637	0	0	51	195.24698035624792
n568-1	n493	0	0	52	53.82376908125025
n568-2	n644	0	0	52	79.4616139500009
n801-1	n783	0	0	52	114.03750149791846
n1085-1	n924	0	0	52	140.00974839375075
n81-1	n72	0	0	53	8.927358908333336
n94-1	n82	0	0	53	9.802359739583334
n209-1	n186	0	0	53	17.323734406249997
n300-1	n278	0	0	53	24.838698810416663
n313-1	n288	0	0	53	25.72972529791666
n387-1	n355	0	0	53	33.376100083333405
n434-1	n391	0	0	53	39.742559122916774
n460-1	n407	0	0	53	42.15602295416679
n462-1	n410	0	0	53	42.81841674583347
n476-1	n413	0	0	53	43.27781889166681
n478-1	n415	0	0	53	43.60046877083348
n567-1	n490	0	0	53	53.52034998958358
n579-1	n497	0	0	53	54.672060485416935
n585-1	n507	0	0	53	57.551336725000326
n434-2	n545	0	0	53	64.81095900625037
n460-2	n561	0	0	53	67.61651722708385
n476-2	n566	0	0	53	68.89856972708387
n478-2	n568	0	0	53	69.22869824583388
n567-2	n640	0	0	53	79.1699470062509
n579-2	n649	0	0	53	80.4787089333343
n579-2	n649	0	0	53	80.4787089333343
n692-1	n716	0	0	53	97.3376993083348
n692-1	n716	0	0	53	97.3376993083348
n713-1	n730	0	0	53	100.59090752708488
n764-1	n764	0	0	53	109.94668564583505
n816-1	n795	0	0	53	117.07917105416847
n868-1	n837	0	0	53	125.94135896041874
n894-1	n853	0	0	53	128.27576288750197
n896-1	n856	0	0	53	128.98089176250193
n910-1	n859	0	0	53	129.43708877708522
n912-1	n861	0	0	53	129.75226001666857
n1176-1	n1003	0	0	53	150.8901006104169
n1189-1	n1013	0	0	53	151.7821954750002
n1304-1	n1117	0	0	53	159.5418182312496
n1395-1	n1210	0	0	53	167.10806473541604
n1408-1	n1220	0	0	53	167.98947582916594
n1496-1	n1298	0	0	53	174.97879870833185
n1502-1	n1309	0	0	53	175.52153426666516
n1633-1	n1442	0	0	53	181.9969677687485
n1647-1	n1455	0	0	53	182.62624187083173
n1661-1	n1473	0	0	53	183.27795189166508
n32-1	n29	0	0	54	5.320517874999998
n46-1	n40	0	0	54	6.338681235416666
n114-1	n102	0	0	54	11.164540520833333
n160-1	n144	0	0	54	14.214757093749993
n262-1	n242	0	0	54	21.64959321666667
n693-1	n718	0	0	54	97.6101354645848
n1084-1	n921	0	0	54	139.26615794375098
n1089-1	n926	0	0	54	141.26402308958396
n1127-1	n959	0	0	54	147.17749024583333
n1141-1	n971	0	0	54	148.23838868958342
n1209-1	n1033	0	0	54	153.18283783125017
n1255-1	n1074	0	0	54	156.33134509583317
n1357-1	n1173	0	0	54	163.9317796666662
n1676-1	n1483	0	0	54	183.7010292166651
n1689-1	n1495	0	0	54	184.4531666833318
n1702-1	n1509	0	0	54	185.12410749166506
n1788-1	n1590	0	0	54	191.3677031666648
n4-1	n1	0	0	55	3.0822678854166665
n19-1	n15	0	0	55	4.4487221749999994
n34-1	n31	0	0	55	5.462612027083332
n41-1	n35	0	0	55	5.753210593749999
n52-1	n44	0	0	55	6.60577550625
n67-1	n57	0	0	55	7.976503304166665
n90-1	n78	0	0	55	9.353641364583336
n102-1	n90	0	0	55	10.236120835416664
n106-1	n96	0	0	55	10.689112718749998
n132-1	n108	0	0	55	11.976507104166663
n147-1	n122	0	0	55	12.898516527083324
n146-1	n131	0	0	55	13.539542777083328
n157-1	n136	0	0	55	13.777790866666663
n172-1	n149	0	0	55	14.672022485416656
n184-1	n160	0	0	55	15.566254104166656
n199-1	n173	0	0	55	16.470101116666658
n264-1	n244	0	0	55	21.79061899166667
n271-1	n251	0	0	55	22.52032053958333
n286-1	n263	0	0	55	23.866475664583326
n309-1	n284	0	0	55	25.316263366666654
n321-1	n296	0	0	55	26.176306918749987
n326-1	n303	0	0	55	26.641050949999986
n334-1	n309	0	0	55	27.12182063749999
n384-1	n357	0	0	55	34.01605795625009
n422-1	n382	0	0	55	38.01819851041675
n454-1	n392	0	0	55	39.96798668750011
n586-1	n509	0	0	55	58.47120939375034
n422-2	n536	0	0	55	63.01822226041701
n454-2	n546	0	0	55	65.03745494791704
n810-1	n791	0	0	55	115.97233239583511
n822-1	n802	0	0	55	120.07917390416871
n856-1	n829	0	0	55	124.5364430958354
n883-1	n838	0	0	55	126.17533354166873
n1070-1	n910	0	0	55	137.06850628333476
n1072-1	n915	0	0	55	137.6881649916679
n1080-1	n920	0	0	55	138.9851747708343
n1086-1	n923	0	0	55	140.00120137708407
n1099-1	n932	0	0	55	144.95847104375
n1114-1	n946	0	0	55	146.3142415625
n1129-1	n962	0	0	55	147.32919979166667
n1136-1	n966	0	0	55	147.6336872604167
n1147-1	n975	0	0	55	148.52150861666678
n1162-1	n988	0	0	55	149.89757830000016
n1185-1	n1009	0	0	55	151.33454547708354
n1197-1	n1021	0	0	55	152.2309138500002
n1201-1	n1027	0	0	55	152.6956578812502
n1227-1	n1040	0	0	55	154.07493269583335
n1242-1	n1054	0	0	55	155.00655751249994
n1241-1	n1063	0	0	55	155.6262162208332
n1252-1	n1066	0	0	55	155.8740797041665
n1267-1	n1080	0	0	55	156.82279855416647
n1279-1	n1091	0	0	55	157.75228661666637
n1294-1	n1104	0	0	55	158.6689541541662
n1359-1	n1175	0	0	55	164.07494219583288
n1366-1	n1183	0	0	55	164.8110540062495
n1381-1	n1195	0	0	55	166.13156808124947
n1404-1	n1216	0	0	55	167.55998824166602
n1416-1	n1228	0	0	55	168.42964718749926
n1421-1	n1235	0	0	55	168.89973310416585
n1429-1	n1241	0	0	55	169.4114857270824
n1497-1	n1300	0	0	55	175.1059355812485
n1531-1	n1334	0	0	55	177.15615120416507
n1573-1	n1371	0	0	55	178.80679379791508
n1587-1	n1389	0	0	55	179.49696539374844
n1601-1	n1402	0	0	55	180.13371813541514
n1634-1	n1444	0	0	55	182.01192504791516
n1640-1	n1453	0	0	55	182.49910499791508
n1648-1	n1459	0	0	55	182.6379940187484
n1654-1	n1468	0	0	55	183.10701155833172
n1662-1	n1474	0	0	55	183.28863566249842
n1682-1	n1494	0	0	55	184.31961954791515
n1695-1	n1508	0	0	55	185.01192789791506
n1706-1	n1521	0	0	55	185.9360740749983
n1777-1	n1582	0	0	55	190.50231772916484
n1833-1	n1622	0	0	55	194.28223584999796
n1840-1	n1627	0	0	55	194.59206520416464
n1845-1	n1632	0	0	55	194.9157834604146
n537-1	n460	0	0	56	49.39214093958353
n537-2	n611	0	0	56	75.07806277708417
n701-1	n719	0	0	56	97.87402460416813
n712-1	n728	0	0	56	100.28855681250155
n762-1	n761	0	0	56	109.37617228333504
n763-1	n763	0	0	56	109.77467693541838
n1062-1	n905	0	0	56	136.47769375625165
n1482-1	n1288	0	0	56	174.2822168499985
n1498-1	n1302	0	0	56	175.1540125499985
n1787-1	n1589	0	0	56	191.15402774999814
n1852-1	n1635	0	0	56	195.24377522499793
n6-1	n5	0	0	57	3.1976526104166663
n8-1	n7	0	0	57	3.5373965229166666
n21-1	n17	0	0	57	4.554491506249999
n28-1	n23	0	0	57	4.885688402083331
n35-1	n32	0	0	57	5.511757372916665
n43-1	n37	0	0	57	5.897441499999999
n45-1	n39	0	0	57	6.1869716895833315
n56-1	n47	0	0	57	6.7500064124999986
n54-1	n49	0	0	57	7.073724668749999
n69-1	n59	0	0	57	8.088682897916666
n76-1	n65	0	0	57	8.408127645833334
n134-1	n116	0	0	57	12.469028939583326
n158-1	n134	0	0	57	13.77031222708333
n186-1	n166	0	0	57	16.01390410208332
n226-1	n211	0	0	57	19.133565185416668
n239-1	n223	0	0	57	19.977583081249996
n252-1	n235	0	0	57	20.841900141666663
n256-1	n239	0	0	57	21.27779799166667
n265-1	n245	0	0	57	21.840832714583335
n273-1	n253	0	0	57	22.627158247916665
n275-1	n255	0	0	57	22.970107291666665
n288-1	n265	0	0	57	23.974381749999992
n295-1	n271	0	0	57	24.31198890833333
n347-1	n323	0	0	57	28.49682194375
n389-1	n358	0	0	57	34.311998408333416
n421-1	n379	0	0	57	37.55986474166674
n450-1	n394	0	0	57	40.28102117291677
n468-1	n404	0	0	57	41.77247558125011
n475-1	n412	0	0	57	43.13465636250014
n515-1	n453	0	0	57	48.371840825000184
n529-1	n456	0	0	57	48.890003710416856
n548-1	n471	0	0	57	51.073766468750215
n576-1	n499	0	0	57	54.875052131250264
n587-1	n511	0	0	57	58.866508914583676
n425-2	n533	0	0	57	62.54599958958366
n450-2	n548	0	0	57	65.38788263125038
n468-2	n558	0	0	57	67.08660219375045
n475-2	n565	0	0	57	68.75540719791721
n515-2	n604	0	0	57	74.07378831875079
n529-2	n607	0	0	57	74.58767769583416
n548-2	n624	0	0	57	76.70520107500082
n576-2	n650	0	0	57	80.743666450001
n593-1	n652	0	0	57	82.60584770625104
n811-1	n794	0	0	57	116.70523907500177
n823-1	n803	0	0	57	120.41037080000204
n855-1	n825	0	0	57	124.09627173750205
n884-1	n841	0	0	57	126.49477828958541
n909-1	n858	0	0	57	129.2853792312519
n1079-1	n919	0	0	57	138.7704309770843
n1090-1	n928	0	0	57	141.26722822083397
n1101-1	n936	0	0	57	145.03325743958334
n1103-1	n938	0	0	57	145.4093261729167
n1116-1	n948	0	0	57	146.41360063125
n1123-1	n954	0	0	57	146.74266077291665
n1130-1	n963	0	0	57	147.38902890833336
n1138-1	n968	0	0	57	147.76509764166673
n1140-1	n970	0	0	57	148.08026888125008
n1151-1	n978	0	0	57	148.65291899791677
n1149-1	n980	0	0	57	148.98625264791679
n1164-1	n990	0	0	57	149.99907412291685
n1171-1	n996	0	0	57	150.35163856041692
n1229-1	n1047	0	0	57	154.5524972520833
n1253-1	n1065	0	0	57	155.86980619583315
n1281-1	n1097	0	0	57	158.22557766458294
n1321-1	n1142	0	0	57	161.3302814687496
n1334-1	n1154	0	0	57	162.26297466249954
n1347-1	n1166	0	0	57	163.1337019854162
n1351-1	n1170	0	0	57	163.54289040833288
n1360-1	n1176	0	0	57	164.12942942708287
n1368-1	n1185	0	0	57	164.93178061666615
n1370-1	n1187	0	0	57	165.2512253645828
n1383-1	n1197	0	0	57	166.23947416666616
n1390-1	n1201	0	0	57	166.56319242291616
n1442-1	n1256	0	0	57	170.8228118541655
n1542-1	n1337	0	0	57	177.3431171937484
n1671-1	n1488	0	0	57	183.95102945416514
n1681-1	n1491	0	0	57	184.26192718541515
n1686-1	n1501	0	0	57	184.72667121666512
n1694-1	n1505	0	0	57	184.93500474791503
n1791-1	n1592	0	0	57	191.55573753333147
n7-1	n6	0	0	58	3.2884646624999996
n10-1	n9	0	0	58	3.6730804124999996
n15-1	n11	0	0	58	4.002140554166666
n22-1	n19	0	0	58	4.643166804166665
n30-1	n25	0	0	58	4.985047470833331
n44-1	n38	0	0	58	5.954065485416666
n55-1	n48	0	0	58	6.824792808333331
n58-1	n51	0	0	58	7.226502591666665
n63-1	n53	0	0	58	7.524579797916665
n70-1	n62	0	0	58	8.1730846875
n78-1	n67	0	0	58	8.502144829166667
n144-1	n121	0	0	58	12.893174641666656
n196-1	n172	0	0	58	16.46796436249999
n213-1	n199	0	0	58	18.29916268333333
n274-1	n254	0	0	58	22.720107054166665
n277-1	n257	0	0	58	23.10258605
n282-1	n259	0	0	58	23.43485132291666
n289-1	n268	0	0	58	24.08656134374999
n297-1	n273	0	0	58	24.42096337083333
n338-1	n313	0	0	58	27.600453570833327
n355-1	n329	0	0	58	29.192335425
n359-1	n333	0	0	58	29.642122177083337
n376-1	n352	0	0	58	31.400670856250034
n386-1	n359	0	0	58	34.587639695833424
n466-1	n411	0	0	58	42.89106638750013
n489-1	n431	0	0	58	45.50004322500015
n502-1	n434	0	0	58	46.125043818750164
n560-1	n481	0	0	58	52.211588062500226
n563-1	n492	0	0	58	53.70304247083358
n565-1	n495	0	0	58	54.22120535625026
n588-1	n513	0	0	58	59.17099638333367
n466-2	n564	0	0	58	68.50006507500053
n489-2	n584	0	0	58	71.07271709166726
n502-2	n587	0	0	58	71.63040992916729
n560-2	n631	0	0	58	77.79174056875085
n563-2	n643	0	0	58	79.3302035687509
n565-2	n646	0	0	58	79.86652886458428
n627-1	n666	0	0	58	85.7041412479178
n672-1	n694	0	0	58	91.92636938125135
n702-1	n721	0	0	58	98.14432400625147
n730-1	n739	0	0	58	105.30779235000166
n732-1	n742	0	0	58	106.251169314585
n740-1	n745	0	0	58	106.78322110208501
n742-1	n748	0	0	58	107.31847802083502
n777-1	n770	0	0	58	110.86655831458508
n779-1	n773	0	0	58	111.52681535208507
n787-1	n776	0	0	58	111.99903802291841
n789-1	n779	0	0	58	112.62938050208507
n798-1	n785	0	0	58	114.58985245000179
n806-1	n792	0	0	58	116.14647786041844
n819-1	n799	0	0	58	118.85160863541864
n824-1	n805	0	0	58	120.70844800625203
n900-1	n857	0	0	58	129.03644737083525
n1102-1	n937	0	0	58	145.13902677083337
n1105-1	n940	0	0	58	145.53218953750005
n1110-1	n942	0	0	58	145.88048046666668
n1117-1	n951	0	0	58	146.52043833958334
n1125-1	n956	0	0	58	146.84095146458333
n1139-1	n969	0	0	58	147.83240539791674
n1150-1	n979	0	0	58	148.7277053937501
n1153-1	n982	0	0	58	149.12300491458345
n1158-1	n984	0	0	58	149.45633856458346
n1165-1	n993	0	0	58	150.12193748750022
n1173-1	n998	0	0	58	150.4499292520836
n1239-1	n1053	0	0	58	155.00121562708327
n1291-1	n1103	0	0	58	158.6625438916662
n1308-1	n1130	0	0	58	160.50335760624958
n1369-1	n1186	0	0	58	165.00336188124948
n1372-1	n1189	0	0	58	165.38049899166614
n1377-1	n1191	0	0	58	165.70101211666613
n1384-1	n1200	0	0	58	166.31960244791617
n1392-1	n1205	0	0	58	166.67537201666613
n1433-1	n1245	0	0	58	169.8837083979157
n1450-1	n1261	0	0	58	171.55465015624867
n1454-1	n1265	0	0	58	171.98520612083198
n1485-1	n1292	0	0	58	174.70743092916513
n1622-1	n1434	0	0	58	181.61876228124848
n1636-1	n1447	0	0	58	182.2234637104151
n1650-1	n1462	0	0	58	182.82068649999837
n1670-1	n1486	0	0	58	183.8954738458318
n1679-1	n1490	0	0	58	184.11235439374846
n1685-1	n1500	0	0	58	184.63051727916513
n1692-1	n1503	0	0	58	184.78756871041506
n1698-1	n1512	0	0	58	185.30038971041506
n1712-1	n1519	0	0	58	185.74910808541503
n1716-1	n1525	0	0	58	186.26513421666493
n1775-1	n1580	0	0	58	190.31107823124816
n1781-1	n1584	0	0	58	190.6283862249982
n1827-1	n1619	0	0	58	194.0429193833313
n1836-1	n1624	0	0	58	194.3858684270813
n1843-1	n1628	0	0	58	194.70103966666463
n80-1	n71	0	0	59	8.83547847916667
n93-1	n81	0	0	59	9.732915229166668
n299-1	n277	0	0	59	24.742544872916664
n312-1	n287	0	0	59	25.644255131249988
n420-1	n377	0	0	59	37.31947989791675
n451-1	n396	0	0	59	40.588713772916776
n420-2	n532	0	0	59	62.27997369583366
n451-2	n550	0	0	59	65.73190005208373
n711-1	n727	0	0	59	99.94240263750157
n752-1	n754	0	0	59	108.3077952000017
n754-1	n758	0	0	59	108.93172741666837
n760-1	n762	0	0	59	109.50437753333505
n854-1	n824	0	0	59	123.82383558125206
n885-1	n842	0	0	59	126.7629409375021
n1175-1	n1002	0	0	59	150.80142531250024
n1188-1	n1012	0	0	59	151.71381934166686
n1394-1	n1208	0	0	59	167.00870566666606
n1407-1	n1219	0	0	59	167.90721079374927
n1486-1	n1295	0	0	59	174.7896959645818
n11-1	n10	0	0	60	3.742524922916666
n17-1	n13	0	0	60	4.12820905
n31-1	n26	0	0	60	5.094021933333331
n59-1	n52	0	0	60	7.279921445833332
n65-1	n55	0	0	60	7.664537195833332
n79-1	n68	0	0	60	8.598298766666668
n82-1	n73	0	0	60	8.967957237500002
n89-1	n75	0	0	60	9.305564395833336
n95-1	n83	0	0	60	9.877146135416666
n101-1	n89	0	0	60	10.18056522708333
n153-1	n145	0	0	60	14.294885374999991
n201-1	n187	0	0	60	17.39852080208333
n255-1	n238	0	0	60	21.215832120833337
n278-1	n258	0	0	60	23.182714331249997
n284-1	n261	0	0	60	23.558783064583327
n298-1	n274	0	0	60	24.511775422916664
n301-1	n279	0	0	60	24.882502270833328
n308-1	n282	0	0	60	25.220109429166655
n314-1	n289	0	0	60	25.788486037499993
n320-1	n294	0	0	60	26.084426489583322
n324-1	n299	0	0	60	26.41882851666665
n393-1	n360	0	0	60	34.81199888333342
n419-1	n375	0	0	60	37.09191557916676
n452-1	n398	0	0	60	40.93379957083345
n461-1	n409	0	0	60	42.66136531458347
n508-1	n443	0	0	60	47.19876278750017
n513-1	n447	0	0	60	47.732951329166845
n549-1	n473	0	0	60	51.09620238750021
n556-1	n484	0	0	60	52.46586180833357
n558-1	n487	0	0	60	53.024623022916906
n566-1	n491	0	0	60	53.52034998958358
n397-2	n514	0	0	60	59.428475260417
n419-2	n530	0	0	60	62.03317858958366
n452-2	n552	0	0	60	66.18382355833377
n465-2	n563	0	0	60	68.24685970625053
n508-2	n596	0	0	60	72.7084024062507
n513-2	n600	0	0	60	73.31203545833407
n549-2	n623	0	0	60	76.70199594375082
n556-2	n635	0	0	60	78.11439044791751
n558-2	n638	0	0	60	78.65819438333422
n566-2	n642	0	0	60	79.2019983187509
n683-1	n708	0	0	60	94.47017521666801
n703-1	n722	0	0	60	98.42744393333481
n832-1	n806	0	0	60	120.95417473541872
n853-1	n822	0	0	60	123.60695503333538
n886-1	n844	0	0	60	127.0770438000021
n899-1	n855	0	0	60	128.81208818333525
n1038-1	n887	0	0	60	133.42961393750184
n1106-1	n941	0	0	60	145.6176597041667
n1112-1	n944	0	0	60	145.99159168333335
n1126-1	n957	0	0	60	146.9339002708333
n1154-1	n983	0	0	60	149.2138169666668
n1160-1	n986	0	0	60	149.57706517500014
n1174-1	n999	0	0	60	150.5556985833336
n1177-1	n1004	0	0	60	150.93924595625023
n1184-1	n1008	0	0	60	151.28005824583354
n1190-1	n1014	0	0	60	151.85698187083355
n1196-1	n1020	0	0	60	152.17428986458353
n1248-1	n1076	0	0	60	156.4253622791665
n1296-1	n1118	0	0	60	159.62622002083296
n1350-1	n1169	0	0	60	163.49374506249956
n1373-1	n1190	0	0	60	165.46810591249948
n1379-1	n1193	0	0	60	165.82387548124947
n1393-1	n1206	0	0	60	166.7672524458328
n1396-1	n1211	0	0	60	167.15400494999938
n1403-1	n1215	0	0	60	167.48306509166602
n1409-1	n1221	0	0	60	168.04823656874927
n1415-1	n1226	0	0	60	168.34524539791596
n1419-1	n1231	0	0	60	168.66896365416594
n1504-1	n1313	0	0	60	175.8815773437485
n1561-1	n1367	0	0	60	178.61982780833176
n1616-1	n1419	0	0	60	180.84205214166516
n1612-1	n1427	0	0	60	181.26940297499848
n1672-1	n1476	0	0	60	183.39867850208176
n1667-1	n1481	0	0	60	183.56748208124844
n1668-1	n1484	0	0	60	183.70850785624842
n1683-1	n1496	0	0	60	184.4531666833318
n1696-1	n1510	0	0	60	185.13158613124838
n1711-1	n1518	0	0	60	185.73308242916502
n1783-1	n1588	0	0	60	190.82069409999818
n1792-1	n1595	0	0	60	191.80894290208144
n1798-1	n1597	0	0	60	191.9563789395814
n1808-1	n1614	0	0	60	193.78223537499798
n574-1	n504	0	0	61	56.11650630208362
n687-1	n714	0	0	61	96.67103200833479
n689-1	n717	0	0	61	97.47765670625147
n698-1	n720	0	0	61	98.02146064166813
n700-1	n723	0	0	61	98.58022185625148
n704-1	n724	0	0	61	98.79282889583482
n707-1	n726	0	0	61	99.7201802041682
n709-1	n729	0	0	61	100.43706122708488
n717-1	n732	0	0	61	101.10586528125154
n719-1	n735	0	0	61	101.97445585000156
n715-1	n737	0	0	61	103.26505536666822
n776-1	n769	0	0	61	110.62083158541839
n803-1	n787	0	0	61	115.1710495833351
n809-1	n790	0	0	61	115.7960501770851
n1068-1	n916	0	0	61	137.93389172083445
n1562-1	n1369	0	0	61	178.6369218416651
n18-1	n14	0	0	62	4.197653560416666
n66-1	n56	0	0	62	7.723297935416665
n83-1	n74	0	0	62	9.039538502083335
n91-1	n79	0	0	62	9.411333727083335
n96-1	n85	0	0	62	9.940180383333331
n103-1	n91	0	0	62	10.303428591666664
n117-1	n105	0	0	62	11.525651975
n118-1	n107	0	0	62	11.723301735416666
n124-1	n112	0	0	62	12.113259370833328
n128-1	n118	0	0	62	12.570524762499993
n137-1	n124	0	0	62	12.989328579166656
n141-1	n129	0	0	62	13.427363183333327
n161-1	n141	0	0	62	14.199799814583328
n163-1	n152	0	0	62	14.754287520833323
n169-1	n158	0	0	62	15.331211145833324
n176-1	n163	0	0	62	15.619672958333323
n180-1	n169	0	0	62	16.11219479374999
n189-1	n175	0	0	62	16.542750758333327
n257-1	n240	0	0	62	21.328011714583337
n285-1	n262	0	0	62	23.63036432916666
n302-1	n280	0	0	62	24.96690406041666
n310-1	n285	0	0	62	25.35686169583332
n315-1	n291	0	0	62	25.84190489166666
n322-1	n297	0	0	62	26.22972577291665
n325-1	n300	0	0	62	26.539555127083318
n345-1	n320	0	0	62	27.965838533333322
n377-1	n350	0	0	62	31.399602479166703
n394-1	n362	0	0	62	35.0641358750001
n413-1	n374	0	0	62	36.87610340833343
n453-1	n400	0	0	62	41.23401353125012
n464-1	n408	0	0	62	42.39747617500013
n487-1	n426	0	0	62	44.647478312500155
n507-1	n441	0	0	62	47.006454912500175
n530-1	n461	0	0	62	49.67419248958354
n577-1	n502	0	0	62	55.46479628125028
n583-1	n510	0	0	62	58.48937180416701
n394-2	n516	0	0	62	59.675270366667
n413-2	n529	0	0	62	61.79386212291699
n453-2	n554	0	0	62	66.4829691416671
n464-2	n562	0	0	62	67.91566281041719
n487-2	n579	0	0	62	70.2928018208339
n507-2	n594	0	0	62	72.48938510416735
n530-2	n612	0	0	62	75.35904595000083
n710-1	n725	0	0	62	99.34197471666816
n755-1	n756	0	0	62	108.68172717916838
n761-1	n760	0	0	62	109.2501037875017
n833-1	n808	0	0	62	121.24263654791872
n847-1	n821	0	0	62	123.36977532083539
n887-1	n846	0	0	62	127.36230048125209
n898-1	n854	0	0	62	128.53431014166856
n1015-1	n872	0	0	62	130.8323892479186
n1060-1	n902	0	0	62	135.9456419687517
n1067-1	n913	0	0	62	137.5364554458346
n1077-1	n918	0	0	62	138.51936236250103
n1087-1	n927	0	0	62	141.26402308958396
n1113-1	n945	0	0	62	146.064241325
n1161-1	n987	0	0	62	149.64650968541682
n1178-1	n1005	0	0	62	151.02044261458357
n1186-1	n1010	0	0	62	151.39971647916687
n1191-1	n1015	0	0	62	151.91146910208354
n1198-1	n1022	0	0	62	152.2918113437502
n1212-1	n1036	0	0	62	153.53647064583348
n1213-1	n1038	0	0	62	153.7533511937501
n1219-1	n1044	0	0	62	154.20206956874998
n1223-1	n1050	0	0	62	154.64544605833333
n1232-1	n1056	0	0	62	155.11125846666658
n1236-1	n1060	0	0	62	155.54395118541652
n1256-1	n1072	0	0	62	156.32493483333315
n1258-1	n1083	0	0	62	156.90506358958314
n1264-1	n1088	0	0	62	157.46916668958312
n1271-1	n1094	0	0	62	157.81852599583303
n1275-1	n1100	0	0	62	158.31532133958294
n1284-1	n1106	0	0	62	158.7715183541662
n1352-1	n1171	0	0	62	163.6144716729162
n1380-1	n1194	0	0	62	165.88049946666612
n1397-1	n1212	0	0	62	167.23306485416606
n1405-1	n1217	0	0	62	167.61020196458267
n1410-1	n1224	0	0	62	168.12409134166595
n1417-1	n1229	0	0	62	168.48627117291593
n1420-1	n1232	0	0	62	168.7971689041659
n1440-1	n1252	0	0	62	170.28862331249897
n1499-1	n1303	0	0	62	175.28435455416516
n1563-1	n1378	0	0	62	179.0503837729151
n1617-1	n1422	0	0	62	180.98094116249848
n1666-1	n1479	0	0	62	183.50337945624844
n1709-1	n1514	0	0	62	185.53329591458171
n1708-1	n1523	0	0	62	186.09312550624827
n1720-1	n1529	0	0	62	186.57069006249822
n1769-1	n1573	0	0	62	190.11342847083154
n1780-1	n1581	0	0	62	190.39334326666483
n1820-1	n1609	0	0	62	192.92112344583143
n1825-1	n1617	0	0	62	193.80894480208133
n1831-1	n1621	0	0	62	194.16685112499798
n1838-1	n1625	0	0	62	194.49591126666462
n92-1	n80	0	0	63	9.492530385416668
n104-1	n92	0	0	63	10.389967135416663
n105-1	n95	0	0	63	10.626078470833331
n149-1	n138	0	0	63	13.833346474999994
n217-1	n203	0	0	63	18.706214352083332
n230-1	n215	0	0	63	19.565189527083337
n243-1	n227	0	0	63	20.431643341666668
n258-1	n241	0	0	63	21.40279811041667
n311-1	n286	0	0	63	25.42737458333332
n323-1	n298	0	0	63	26.307717299999986
n327-1	n304	0	0	63	26.73399975624999
n395-1	n364	0	0	63	35.32161475208342
n412-1	n372	0	0	63	36.65388097500009
n429-1	n384	0	0	63	38.21050638541675
n459-1	n406	0	0	63	41.78956961458345
n572-1	n500	0	0	63	55.043855710416935
n399-2	n518	0	0	63	59.96586893333367
n408-2	n527	0	0	63	61.53958837708365
n429-2	n538	0	0	63	63.24258144791701
n459-2	n559	0	0	63	67.10476460416712
n603-1	n654	0	0	63	83.18170295416778
n605-1	n657	0	0	63	84.07913970416777
n614-1	n660	0	0	63	84.63042227916777
n616-1	n663	0	0	63	85.13790139375112
n624-1	n668	0	0	63	86.15179124583447
n626-1	n671	0	0	63	86.73619351041783
n635-1	n675	0	0	63	87.28747608541784
n637-1	n678	0	0	63	87.91140830208457
n645-1	n683	0	0	63	89.29495662500136
n647-1	n686	0	0	63	89.96162392500135
n658-1	n691	0	0	63	91.082351485418
n669-1	n696	0	0	63	92.41354933125135
n671-1	n699	0	0	63	92.98406269375135
n681-1	n703	0	0	63	93.69239670000134
n726-1	n740	0	0	63	105.74689533125166
n773-1	n771	0	0	63	111.0887807479184
n828-1	n811	0	0	63	121.5054573104187
n842-1	n819	0	0	63	123.13686911666873
n863-1	n830	0	0	63	124.68494751041872
n897-1	n852	0	0	63	127.91037792500207
n1042-1	n889	0	0	63	133.80781942500184
n1050-1	n898	0	0	63	135.40504316458504
n1066-1	n911	0	0	63	137.20953205833467
n1187-1	n1011	0	0	63	151.47236612083353
n1199-1	n1023	0	0	63	152.38155501875022
n1200-1	n1026	0	0	63	152.62728174791684
n1244-1	n1069	0	0	63	155.93925070624985
n1312-1	n1134	0	0	63	160.92322979999955
n1325-1	n1146	0	0	63	161.77258958124958
n1338-1	n1158	0	0	63	162.7170349229162
n1353-1	n1172	0	0	63	163.67643754374956
n1406-1	n1218	0	0	63	167.68071485208264
n1418-1	n1230	0	0	63	168.56319432291593
n1422-1	n1236	0	0	63	168.97558787708246
n1512-1	n1310	0	0	63	175.6721754354152
n1508-1	n1319	0	0	63	176.3132016854151
n1557-1	n1359	0	0	63	178.16897267916508
n1574-1	n1377	0	0	63	179.02046921458177
n1576-1	n1382	0	0	63	179.20529844999842
n1588-1	n1393	0	0	63	179.66149546458175
n1590-1	n1397	0	0	63	179.92111109583175
n1602-1	n1406	0	0	63	180.30893197708187
n1604-1	n1411	0	0	63	180.54824844374852
n1618-1	n1424	0	0	63	181.02153949166515
n1628-1	n1438	0	0	63	181.83030094374848
n1631-1	n1443	0	0	63	182.0097882937485
n1642-1	n1451	0	0	63	182.46278017708175
n1645-1	n1457	0	0	63	182.6283786249984
n1656-1	n1469	0	0	63	183.11021668958173
n1659-1	n1471	0	0	63	183.25765272708173
n1664-1	n1475	0	0	63	183.39013148541508
n1707-1	n1522	0	0	63	185.9948348145816
n1784-1	n1587	0	0	63	190.81748896874817
n1799-1	n1598	0	0	63	192.0813790583314
n1799-1	n1598	0	0	63	192.0813790583314
n333-1	n308	0	0	64	27.029940208333326
n354-1	n327	0	0	64	29.09083960208333
n506-1	n437	0	0	64	46.55987329166684
n534-1	n458	0	0	64	49.03743974791686
n531-1	n467	0	0	64	50.36115895416688
n561-1	n483	0	0	64	52.36650273958357
n506-2	n590	0	0	64	72.06203427083399
n534-2	n609	0	0	64	74.74793425833415
n531-2	n618	0	0	64	76.09088425208415
n561-2	n634	0	0	64	77.95840739375085
n796-1	n789	0	0	64	115.53216103750178
n1428-1	n1240	0	0	64	169.32281042916574
n1449-1	n1258	0	0	64	171.42751328333208
n107-1	n97	0	0	65	10.764967491666665
n205-1	n193	0	0	65	17.80023058541666
n328-1	n305	0	0	65	26.784213479166656
n396-1	n366	0	0	65	35.59084577708342
n411-1	n371	0	0	65	36.40815424583343
n458-1	n405	0	0	65	41.788501237500114
n505-1	n435	0	0	65	46.251112314583494
n533-1	n455	0	0	65	48.73402065625019
n532-1	n469	0	0	65	50.61863783125021
n544-1	n475	0	0	65	51.299194033333556
n546-1	n478	0	0	65	51.8675706416669
n571-1	n498	0	0	65	54.685949387500266
n396-2	n521	0	0	65	60.267151270833665
n411-2	n526	0	0	65	61.24257954791699
n458-2	n560	0	0	65	67.11331162083378
n505-2	n589	0	0	65	71.7586151791673
n533-2	n606	0	0	65	74.40498521458416
n532-2	n620	0	0	65	76.34729475208415
n544-2	n626	0	0	65	76.90178245833415
n546-2	n629	0	0	65	77.52037278958419
n575-2	n648	0	0	65	80.47016191666764
n602-1	n653	0	0	65	82.63362551041772
n640-1	n681	0	0	65	88.82487070833466
n727-1	n741	0	0	65	106.07916060416834
n750-1	n759	0	0	65	109.01719758333503
n778-1	n772	0	0	65	111.36335365833506
n829-1	n813	0	0	65	121.77361995833537
n845-1	n818	0	0	65	122.84627055000206
n892-1	n851	0	0	65	127.89969415416873
n1028-1	n882	0	0	65	132.9381604791685
n1052-1	n894	0	0	65	134.64115355000183
n1202-1	n1028	0	0	65	152.77151265416688
n1300-1	n1124	0	0	65	160.03647682083292
n1423-1	n1237	0	0	65	169.0343486166658
n1467-1	n1280	0	0	65	173.35059203333182
n1477-1	n1291	0	0	65	174.67537961666514
n1495-1	n1297	0	0	65	174.93392687083184
n1558-1	n1361	0	0	65	178.30786169999843
n1577-1	n1385	0	0	65	179.31747804374842
n1591-1	n1399	0	0	65	179.95529916249842
n1605-1	n1414	0	0	65	180.68820584166517
n1627-1	n1441	0	0	65	181.97987373541517
n1641-1	n1454	0	0	65	182.60060082083174
n1655-1	n1470	0	0	65	183.21598602083174
n1806-1	n1593	0	0	65	191.62945555208145
n113-1	n101	0	0	66	11.09295925625
n152-1	n142	0	0	66	14.209415208333327
n168-1	n156	0	0	66	15.286339308333325
n225-1	n209	0	0	66	19.049163395833336
n238-1	n221	0	0	66	19.915617210416663
n251-1	n234	0	0	66	20.784207779166664
n335-1	n310	0	0	66	27.21156431249999
n349-1	n322	0	0	66	28.48827492708333
n356-1	n330	0	0	66	29.25323291875
n369-1	n344	0	0	66	30.629302602083353
n728-1	n743	0	0	66	106.360143777085
n775-1	n774	0	0	66	111.60587525625174
n1020-1	n874	0	0	66	131.12832970000193
n1058-1	n906	0	0	66	136.58239471041827
n1208-1	n1032	0	0	66	153.09202577916685
n1247-1	n1073	0	0	66	156.32813996458316
n1263-1	n1087	0	0	66	157.41254270416644
n1320-1	n1140	0	0	66	161.28006774583292
n1333-1	n1152	0	0	66	162.19459852916623
n1346-1	n1165	0	0	66	163.0503685729162
n1430-1	n1242	0	0	66	169.5076396645824
n1444-1	n1254	0	0	66	170.81105970624884
n1451-1	n1262	0	0	66	171.56640230416534
n1464-1	n1277	0	0	66	172.9435403645818
n1543-1	n1345	0	0	66	177.61234821874845
n1545-1	n1351	0	0	66	177.9125621791651
n1559-1	n1362	0	0	66	178.31534033958175
n1619-1	n1425	0	0	66	181.1476079874985
n1801-1	n1600	0	0	66	192.2875758354147
n108-1	n98	0	0	67	10.825864985416667
n115-1	n103	0	0	67	11.258557704166666
n123-1	n109	0	0	67	11.981848989583328
n140-1	n128	0	0	67	13.349371656249993
n154-1	n146	0	0	67	14.36860339374999
n162-1	n148	0	0	67	14.667748977083322
n175-1	n159	0	0	67	15.556638710416657
n193-1	n179	0	0	67	16.966896460416667
n212-1	n198	0	0	67	18.195530106249993
n227-1	n212	0	0	67	19.209419958333335
n240-1	n224	0	0	67	20.07801052708333
n253-1	n236	0	0	67	20.917754914583334
n336-1	n311	0	0	67	27.26605154374999
n337-1	n312	0	0	67	27.501094502083323
n357-1	n331	0	0	67	29.310925281250004
n358-1	n332	0	0	67	29.570540912500004
n378-1	n351	0	0	67	31.399602479166703
n406-1	n369	0	0	67	35.98828205208343
n447-1	n402	0	0	67	41.42418465208345
n471-1	n416	0	0	67	43.69555433125014
n501-1	n433	0	0	67	45.98401804375016
n517-1	n454	0	0	67	48.51500335416685
n554-1	n488	0	0	67	53.29705917916691
n562-1	n489	0	0	67	53.513939727083574
n406-2	n524	0	0	67	60.77035687708366
n447-2	n556	0	0	67	66.69343942708376
n471-2	n569	0	0	67	69.36331375833389
n504-2	n586	0	0	67	71.48938415416728
n517-2	n605	0	0	67	74.23511325833415
n554-2	n639	0	0	67	79.02785285416755
n562-2	n641	0	0	67	79.1891777937509
n599-1	n655	0	0	67	83.55242980208446
n641-1	n684	0	0	67	89.55136712500135
n795-1	n788	0	0	67	115.2127162895851
n844-1	n816	0	0	67	122.29498797500207
n844-1	n816	0	0	67	122.29498797500207
n881-1	n848	0	0	67	127.54178783125208
n905-1	n862	0	0	67	129.8430720687519
n1030-1	n878	0	0	67	132.2255529645853
n1036-1	n892	0	0	67	134.20525570000183
n1053-1	n896	0	0	67	135.24906011041838
n1057-1	n904	0	0	67	136.30782180000165
n1065-1	n909	0	0	67	136.89008731041812
n1203-1	n1029	0	0	67	152.82493150833355
n1210-1	n1034	0	0	67	153.27899176875016
n1218-1	n1043	0	0	67	154.08775322083335
n1235-1	n1059	0	0	67	155.45207075624987
n1249-1	n1077	0	0	67	156.4990802979165
n1257-1	n1079	0	0	67	156.81959342291645
n1270-1	n1090	0	0	67	157.74480797708304
n1288-1	n1110	0	0	67	159.17643326874955
n1307-1	n1129	0	0	67	160.41468230833289
n1322-1	n1143	0	0	67	161.42429865208294
n1335-1	n1155	0	0	67	162.34630807499954
n1348-1	n1167	0	0	67	163.2106251354162
n1431-1	n1243	0	0	67	169.54930637083237
n1432-1	n1244	0	0	67	169.7843493291657
n1452-1	n1263	0	0	67	171.64012032291532
n1453-1	n1264	0	0	67	171.879436789582
n1494-1	n1308	0	0	67	175.51085049583182
n1503-1	n1312	0	0	67	175.69461135416518
n1517-1	n1324	0	0	67	176.65401397499843
n1546-1	n1353	0	0	67	177.96811778749844
n1569-1	n1380	0	0	67	179.18286253124842
n1578-1	n1387	0	0	67	179.33777720833177
n1584-1	n1396	0	0	67	179.8228204041651
n1592-1	n1400	0	0	67	179.97132481874843
n1598-1	n1410	0	0	67	180.5279492791652
n1606-1	n1416	0	0	67	180.70850500624852
n1624-1	n1437	0	0	67	181.76085643333184
n1625-1	n1439	0	0	67	181.8313693208318
n1638-1	n1450	0	0	67	182.32495953333174
n1639-1	n1452	0	0	67	182.47453232499842
n1652-1	n1466	0	0	67	182.9681225374984
n1653-1	n1467	0	0	67	183.09846454166507
n1705-1	n1520	0	0	67	185.874108204165
n1718-1	n1527	0	0	67	186.4082967458316
n1729-1	n1538	0	0	67	186.8858613020815
n1767-1	n1570	0	0	67	189.88265902083154
n1773-1	n1578	0	0	67	190.19569350624818
n1778-1	n1583	0	0	67	190.50659123749818
n1818-1	n1610	0	0	67	193.3580896729147
n1830-1	n1618	0	0	67	193.9243295270813
n1834-1	n1623	0	0	67	194.28544098124797
n679-1	n710	0	0	68	95.18171435416802
n739-1	n744	0	0	68	106.62723804791834
n749-1	n757	0	0	68	108.7885648875017
n786-1	n775	0	0	68	111.86014900208507
n1039-1	n890	0	0	68	133.86337503333516
n1056-1	n903	0	0	68	136.04820616875168
n1473-1	n1285	0	0	68	174.07602007291516
n1493-1	n1305	0	0	68	175.4371324770818
n1785-1	n1585	0	0	68	190.81642059166484
n116-1	n104	0	0	69	11.313044935416666
n125-1	n113	0	0	69	12.151720945833327
n127-1	n117	0	0	69	12.478644333333326
n142-1	n130	0	0	69	13.505354710416661
n148-1	n137	0	0	69	13.785269506249996
n155-1	n147	0	0	69	14.438047904166655
n164-1	n153	0	0	69	14.79488584999999
n166-1	n155	0	0	69	15.118604106249991
n179-1	n164	0	0	69	15.692322599999988
n177-1	n168	0	0	69	16.02031436458332
n200-1	n184	0	0	69	17.317324143749996
n214-1	n200	0	0	69	18.341897766666662
n228-1	n213	0	0	69	19.25856530416667
n241-1	n225	0	0	69	20.127155872916664
n254-1	n237	0	0	69	20.964763506250005
n339-1	n314	0	0	69	27.65280404791666
n360-1	n334	0	0	69	29.736139360416672
n370-1	n345	0	0	69	30.633576110416687
n417-1	n380	0	0	69	37.684864860416745
n446-1	n401	0	0	69	41.25858620416679
n472-1	n418	0	0	69	43.90388786250015
n491-1	n432	0	0	69	45.710513510416824
n514-1	n451	0	0	69	48.126114095833515
n557-1	n486	0	0	69	52.871845100000236
n417-2	n534	0	0	69	62.701982643750334
n446-2	n555	0	0	69	66.52890935625044
n472-2	n571	0	0	69	69.58126268333389
n491-2	n585	0	0	69	71.28105062291726
n516-2	n602	0	0	69	73.74365980000074
n552-2	n637	0	0	69	78.52892075625088
n604-1	n656	0	0	69	83.90819937083444
n632-1	n677	0	0	69	87.69773288541788
n648-1	n682	0	0	69	88.86760579166798
n646-1	n685	0	0	69	89.81098275625135
n851-1	n826	0	0	69	124.17640001875205
n880-1	n847	0	0	69	127.38900990833542
n906-1	n864	0	0	69	130.0738415187519
n1013-1	n876	0	0	69	131.5695694354186
n1031-1	n880	0	0	69	132.80247658958518
n1211-1	n1035	0	0	69	153.3153165895835
n1220-1	n1045	0	0	69	154.25762517708327
n1222-1	n1048	0	0	69	154.55677076041664
n1237-1	n1061	0	0	69	155.59095977708319
n1243-1	n1068	0	0	69	155.89010536041647
n1250-1	n1078	0	0	69	156.56531967708315
n1259-1	n1084	0	0	69	156.96061919791646
n1261-1	n1086	0	0	69	157.27579043749978
n1274-1	n1095	0	0	69	157.90933804791632
n1272-1	n1099	0	0	69	158.2309195499996
n1295-1	n1115	0	0	69	159.52899770624958
n1309-1	n1131	0	0	69	160.55143457499958
n1323-1	n1144	0	0	69	161.4681021124996
n1336-1	n1156	0	0	69	162.4029320604162
n1349-1	n1168	0	0	69	163.24694995624955
n1434-1	n1246	0	0	69	169.9189648416657
n1455-1	n1266	0	0	69	172.06212927083197
n1465-1	n1276	0	0	69	172.94247198749846
n1547-1	n1354	0	0	69	177.9766648041651
n1549-1	n1383	0	0	69	179.21277708958175
n1614-1	n1430	0	0	69	181.3890612083318
n1623-1	n1435	0	0	69	181.6550871020818
n1637-1	n1448	0	0	69	182.27474581041508
n1651-1	n1464	0	0	69	182.92218232291506
n1717-1	n1526	0	0	69	186.36556166249827
n1722-1	n1532	0	0	69	186.69462180416488
n1790-1	n1591	0	0	69	191.5503956479148
n1810-1	n1602	0	0	69	192.46706318541473
n126-1	n114	0	0	70	12.237191112499994
n129-1	n119	0	0	70	12.642106027083324
n136-1	n123	0	0	70	12.917747314583323
n143-1	n133	0	0	70	13.56838895833333
n150-1	n139	0	0	70	13.911338002083328
n165-1	n154	0	0	70	14.87501413124999
n178-1	n165	0	0	70	15.763903864583321
n181-1	n170	0	0	70	16.180570927083323
n188-1	n174	0	0	70	16.472237870833325
n202-1	n188	0	0	70	17.48826447708333
n215-1	n201	0	0	70	18.396384997916662
n340-1	n316	0	0	70	27.69767588541666
n361-1	n337	0	0	70	29.757506902083335
n366-1	n342	0	0	70	30.083361912500006
n445-1	n399	0	0	70	41.08444073958346
n473-1	n420	0	0	70	44.05346065416681
n490-1	n429	0	0	70	45.04064107916682
n510-1	n449	0	0	70	47.85688307083351
n551-1	n485	0	0	70	52.601545697916904
n445-2	n553	0	0	70	66.34728525208376
n473-2	n573	0	0	70	69.74151924583389
n488-2	n582	0	0	70	70.70092186666726
n510-2	n601	0	0	70	73.43383044583408
n551-2	n636	0	0	70	78.24793758333419
n601-1	n658	0	0	70	84.21375521666778
n631-1	n676	0	0	70	87.39751892500117
n633-1	n679	0	0	70	88.10798968541792
n643-1	n687	0	0	70	90.08555566666801
n682-1	n707	0	0	70	94.25329466875134
n736-1	n746	0	0	70	106.89753745000168
n783-1	n777	0	0	70	112.13685866666842
n794-1	n786	0	0	70	114.83237404791845
n879-1	n845	0	0	70	127.22661659166876
n907-1	n866	0	0	70	130.23623483541857
n1016-1	n875	0	0	70	131.27042385208526
n1032-1	n883	0	0	70	133.04499818750182
n1034-1	n888	0	0	70	133.55888756458518
n1059-1	n901	0	0	70	135.78324865208506
n1221-1	n1046	0	0	70	154.34202696666662
n1224-1	n1051	0	0	70	154.7159589458333
n1231-1	n1055	0	0	70	155.00976264374995
n1238-1	n1064	0	0	70	155.65826753333317
n1245-1	n1070	0	0	70	156.0215157416665
n1260-1	n1085	0	0	70	157.04395261041645
n1273-1	n1096	0	0	70	157.97557742708298
n1276-1	n1101	0	0	70	158.38156071874957
n1283-1	n1105	0	0	70	158.67963792499953
n1297-1	n1119	0	0	70	159.71062181041628
n1310-1	n1132	0	0	70	160.61874233124956
n1435-1	n1247	0	0	70	169.98734097499903
n1456-1	n1267	0	0	70	172.09418058333196
n1461-1	n1271	0	0	70	172.3730270020819
n1580-1	n1390	0	0	70	179.54931587083178
n1594-1	n1404	0	0	70	180.1924788749985
n1613-1	n1429	0	0	70	181.32816371458182
n1621-1	n1432	0	0	70	181.5108561958318
n1635-1	n1445	0	0	70	182.15081406874845
n1649-1	n1461	0	0	70	182.78863518749836
n1715-1	n1524	0	0	70	186.2170572479149
n1721-1	n1530	0	0	70	186.62410891666488
n1733-1	n1542	0	0	70	187.21492144374815
n1762-1	n1568	0	0	70	189.6412057999982
n1772-1	n1572	0	0	70	189.9905651062482
n1776-1	n1579	0	0	70	190.3025312145815
n1817-1	n1606	0	0	70	192.91257642916474
n1821-1	n1613	0	0	70	193.61129504166465
n1828-1	n1620	0	0	70	194.0429193833313
n418-1	n383	0	0	71	38.04597631458341
n418-2	n537	0	0	71	63.078051377083675
n737-1	n747	0	0	71	107.16356334375168
n748-1	n755	0	0	71	108.44988935208504
n788-1	n778	0	0	71	112.43707262708507
n852-1	n828	0	0	71	124.50973366875206
n1490-1	n1301	0	0	71	175.1476022874985
n1491-1	n1304	0	0	71	175.28755968541518
n1505-1	n1314	0	0	71	175.92431242708184
n130-1	n120	0	0	72	12.704071897916657
n138-1	n126	0	0	72	13.081209008333325
n151-1	n140	0	0	72	13.974372249999995
n182-1	n171	0	0	72	16.255357322916655
n190-1	n176	0	0	72	16.619673908333333
n203-1	n189	0	0	72	17.52779442916666
n216-1	n202	0	0	72	18.622880939583332
n229-1	n214	0	0	72	19.472240720833337
n242-1	n226	0	0	72	20.33655778125
n444-1	n397	0	0	72	40.72653441666678
n474-1	n422	0	0	72	44.22653774166681
n484-1	n427	0	0	72	44.775683562500156
n500-1	n444	0	0	72	47.242566247916834
n509-1	n446	0	0	72	47.548122093750166
n550-1	n480	0	0	72	52.19128889791689
n444-2	n551	0	0	72	65.92207117291707
n474-2	n575	0	0	72	69.88895528333389
n484-2	n580	0	0	72	70.41993869375058
n500-2	n597	0	0	72	72.72229130833404
n512-2	n599	0	0	72	73.11865920625073
n512-2	n599	0	0	72	73.11865920625073
n550-2	n632	0	0	72	77.80456109375085
n613-1	n659	0	0	72	84.47123409375111
n630-1	n673	0	0	72	87.11119386666783
n651-1	n688	0	0	72	90.33769265833467
n676-1	n704	0	0	72	93.813123310418
n785-1	n780	0	0	72	112.86656021458506
n878-1	n843	0	0	72	126.9167872375021
n908-1	n868	0	0	72	130.3890127583352
n1011-1	n873	0	0	72	130.9573893666686
n1037-1	n886	0	0	72	133.30781895000183
n1046-1	n899	0	0	72	135.50653898750173
n1225-1	n1052	0	0	72	154.7896769645833
n1233-1	n1057	0	0	72	155.16574569791655
n1246-1	n1071	0	0	72	156.10057564583317
n1277-1	n1102	0	0	72	158.44673172083287
n1285-1	n1107	0	0	72	158.82386883124954
n1298-1	n1120	0	0	72	159.75869877916625
n1311-1	n1133	0	0	72	160.82707586249956
n1324-1	n1145	0	0	72	161.69139292291624
n1337-1	n1157	0	0	72	162.60592370624954
n1489-1	n1299	0	0	72	175.0728158916652
n1506-1	n1315	0	0	72	176.0097825937485
n1507-1	n1317	0	0	72	176.19247507499847
n1521-1	n1332	0	0	72	177.08456993958174
n1537-1	n1349	0	0	72	177.8420492916651
n1560-1	n1364	0	0	72	178.47666527916508
n1615-1	n1418	0	0	72	180.8335051249985
n1610-1	n1423	0	0	72	181.00444545833182
n1611-1	n1426	0	0	72	181.15936013541517
n1811-1	n1604	0	0	72	192.64548215833142
n622-1	n672	0	0	73	86.8312790708345
n652-1	n689	0	0	73	90.61333394583467
n667-1	n700	0	0	73	93.28534503125135
n675-1	n701	0	0	73	93.46162725000136
n686-1	n711	0	0	73	95.81846709583472
n738-1	n749	0	0	73	107.44454651666834
n793-1	n784	0	0	73	114.19989481458511
n139-1	n127	0	0	74	13.123944091666658
n191-1	n177	0	0	74	16.683776533333333
n204-1	n192	0	0	74	17.754290370833324
n218-1	n204	0	0	74	18.760701583333333
n231-1	n216	0	0	74	19.608992987500002
n244-1	n228	0	0	74	20.48719895
n346-1	n319	0	0	74	27.962633402083323
n367-1	n340	0	0	74	30.079088404166672
n371-1	n343	0	0	74	30.626097470833354
n442-1	n395	0	0	74	40.28743143541677
n486-1	n425	0	0	74	44.47440122500015
n499-1	n442	0	0	74	47.0812413083335
n523-1	n462	0	0	74	49.778893443750206
n525-1	n464	0	0	74	50.013936402083544
n545-1	n477	0	0	74	51.74150214583357
n442-2	n549	0	0	74	65.39322451666705
n486-2	n578	0	0	74	70.12613499583388
n499-2	n595	0	0	74	72.56310312291735
n523-2	n613	0	0	74	75.48725120000083
n525-2	n615	0	0	74	75.70306337083416
n540-2	n628	0	0	74	77.38575727708418
n610-1	n661	0	0	74	84.73725998750112
n751-1	n753	0	0	74	107.94347861458502
n876-1	n840	0	0	74	126.4755475020854
n1014-1	n871	0	0	74	130.64542325833526
n1024-1	n884	0	0	74	133.0642289750018
n1045-1	n897	0	0	74	135.2501284875017
n1234-1	n1058	0	0	74	155.22771156874987
n1286-1	n1108	0	0	74	158.88369794791623
n1299-1	n1122	0	0	74	159.97237419583294
n1313-1	n1135	0	0	74	160.96489650624957
n1326-1	n1147	0	0	74	161.83241869791624
n1339-1	n1159	0	0	74	162.74160759583287
n1441-1	n1250	0	0	74	170.28434980416563
n1462-1	n1273	0	0	74	172.37516375624855
n1466-1	n1275	0	0	74	172.93926685624845
n1479-1	n1294	0	0	74	174.76832842291512
n1487-1	n1296	0	0	74	174.9296533624985
n1509-1	n1320	0	0	74	176.37089404791507
n1555-1	n1368	0	0	74	178.6208961854151
n1609-1	n1421	0	0	74	180.93393257083181
n1719-1	n1528	0	0	74	186.5258182249982
n1731-1	n1540	0	0	74	187.06534865208147
n1739-1	n1546	0	0	74	187.54184483124814
n1760-1	n1564	0	0	74	189.32603456041488
n1766-1	n1569	0	0	74	189.7597956562482
n1770-1	n1575	0	0	74	190.11770197916488
n1826-1	n1616	0	0	74	193.79291914583132
n192-1	n178	0	0	75	16.912409229166666
n206-1	n194	0	0	75	17.88997426041666
n219-1	n207	0	0	75	18.799163158333332
n232-1	n219	0	0	75	19.656001579166666
n245-1	n229	0	0	75	20.511771622916665
n428-1	n386	0	0	75	38.620763185416756
n428-2	n540	0	0	75	63.64642798541701
n615-1	n662	0	0	75	84.98512347083445
n621-1	n670	0	0	75	86.58021045625117
n657-1	n690	0	0	75	90.92957356250133
n670-1	n698	0	0	75	92.8473104270847
n862-1	n832	0	0	75	125.02148629166872
n1027-1	n881	0	0	75	132.80461334375184
n1044-1	n895	0	0	75	134.91999996875174
n1287-1	n1109	0	0	75	159.13049305416624
n1301-1	n1125	0	0	75	160.13369913541624
n1314-1	n1136	0	0	75	160.99374268749958
n1327-1	n1148	0	0	75	161.8730170270829
n1340-1	n1160	0	0	75	162.78113754791622
n1478-1	n1293	0	0	75	174.71490956874845
n1510-1	n1322	0	0	75	176.43072316458176
n1516-1	n1323	0	0	75	176.56533867708177
n1533-1	n1343	0	0	75	177.46277542708177
n1556-1	n1357	0	0	75	178.15508377708176
n1571-1	n1381	0	0	75	179.19140954791507
n1575-1	n1386	0	0	75	179.32816181458176
n1586-1	n1395	0	0	75	179.8132050104151
n1589-1	n1401	0	0	75	179.97452994999844
n1603-1	n1409	0	0	75	180.51940226249855
n1607-1	n1417	0	0	75	180.8270948624985
n1730-1	n1539	0	0	75	186.98094686249814
n496-1	n438	0	0	76	46.683805033333506
n498-1	n440	0	0	76	46.95303605833351
n520-1	n457	0	0	76	49.03102948541686
n522-1	n463	0	0	76	49.89855167708354
n526-1	n468	0	0	76	50.39107351250021
n539-1	n476	0	0	76	51.4669292354169
n496-2	n591	0	0	76	72.199854914584
n498-2	n593	0	0	76	72.45092352916735
n520-2	n608	0	0	76	74.7201564541675
n522-2	n614	0	0	76	75.60263592500083
n526-2	n619	0	0	76	76.10690990833415
n539-2	n627	0	0	76	77.11545787500084
n194-1	n180	0	0	77	17.04168285625
n207-1	n195	0	0	77	17.94125636041666
n495-1	n436	0	0	77	46.27141147916683
n497-1	n439	0	0	77	46.84833510416684
n511-1	n452	0	0	77	48.20410562291685
n527-1	n470	0	0	77	50.622911339583545
n543-1	n474	0	0	77	51.109022912500215
n495-2	n588	0	0	77	71.74579465416728
n497-2	n592	0	0	77	72.34622257500067
n511-2	n603	0	0	77	73.84942913125074
n527-2	n621	0	0	77	76.35263663750082
n543-2	n622	0	0	77	76.68276515625081
n612-1	n664	0	0	77	85.29281607083445
n620-1	n669	0	0	77	86.31418456250114
n654-1	n692	0	0	77	91.34410387083467
n664-1	n697	0	0	77	92.56846400833469
n1022-1	n879	0	0	77	132.56209174583518
n1047-1	n893	0	0	77	134.42106787083517
n1289-1	n1111	0	0	77	159.25656154999956
n1302-1	n1126	0	0	77	160.18284448124956
n1475-1	n1287	0	0	77	174.2608493083318
n1476-1	n1289	0	0	77	174.5226016937485
n1518-1	n1325	0	0	77	176.73093712499843
n1570-1	n1384	0	0	77	179.27794809166508
n1585-1	n1398	0	0	77	179.9392735062484
n1599-1	n1413	0	0	77	180.64974426666518
n619-1	n667	0	0	78	85.85371403958447
n668-1	n695	0	0	78	92.04495923750135
n1544-1	n1348	0	0	78	177.80465609374843
n1551-1	n1363	0	0	78	178.32709248749842
n1552-1	n1365	0	0	78	178.4841439187484
n195-1	n181	0	0	79	17.091896579166665
n368-1	n338	0	0	79	30.07481489583334
n485-1	n430	0	0	79	45.208376281250146
n485-2	n583	0	0	79	70.86438356041725
n1025-1	n877	0	0	79	131.9723475958353
n1290-1	n1112	0	0	79	159.28968123958288
n1463-1	n1270	0	0	79	172.37089024791524
n1474-1	n1286	0	0	79	174.1828577812485
n1519-1	n1328	0	0	79	176.78221922499844
n1520-1	n1329	0	0	79	176.96918521458176
n1550-1	n1360	0	0	79	178.26298986249842
n1567-1	n1376	0	0	79	179.0119221979151
n1568-1	n1379	0	0	79	179.1625633666651
n1582-1	n1392	0	0	79	179.6593587104151
n1583-1	n1394	0	0	79	179.81213663333176
n1596-1	n1407	0	0	79	180.31106873124853
n1597-1	n1408	0	0	79	180.51299199999855
n1728-1	n1535	0	0	79	186.85701512083153
n1735-1	n1544	0	0	79	187.37517800624815
n1743-1	n1551	0	0	79	187.81641774166482
n1753-1	n1562	0	0	79	188.7758203624982
n1765-1	n1566	0	0	79	189.49270138541485
n1768-1	n1571	0	0	79	189.88372739791487
n1819-1	n1611	0	0	79	193.35915804999803
n1472-1	n1282	0	0	80	173.84418224583183
n1539-1	n1355	0	0	81	178.0023058541651
n1548-1	n1356	0	0	81	178.1529470229151
n1566-1	n1375	0	0	81	178.95209308124842
n1581-1	n1391	0	0	81	179.60380310208177
n1595-1	n1405	0	0	81	180.25017123749853
n1734-1	n1543	0	0	81	187.32389590624814
n1538-1	n1352	0	0	82	177.94995537708175
n1564-1	n1373	0	0	82	178.8302980937484
n1579-1	n1388	0	0	82	179.48521324583177
n1593-1	n1403	0	0	82	180.13799164374848
n1732-1	n1541	0	0	82	187.18607526249815
n1741-1	n1549	0	0	82	187.65829793333148
n1751-1	n1557	0	0	82	188.1935548520815
n1755-1	n1563	0	0	82	189.11983778333155
n1763-1	n1567	0	0	82	189.6380006687482
n1522-1	n1333	0	0	83	177.12730502291507
n1523-1	n1336	0	0	84	177.18072387708176
n1535-1	n1346	0	0	84	177.6208952354151
n1536-1	n1347	0	0	84	177.79824583124844
n1740-1	n1547	0	0	84	187.62197311249815
n1534-1	n1344	0	0	86	177.54931397083178
n1738-1	n1545	0	0	86	187.49483623958147
n1745-1	n1553	0	0	86	187.9627854020815
n1761-1	n1565	0	0	86	189.3271029374982
n1532-1	n1338	0	0	87	177.3431171937484
n1744-1	n1552	0	0	87	187.90402466249816
n1742-1	n1550	0	0	91	187.81000747916482
n1754-1	n1561	0	0	91	188.77475198541487
n1752-1	n1556	0	0	94	188.19034972083148
n268-1	deletion
n266-1	deletion
n290-1	deletion
n291-1	deletion
n348-1	deletion
n383-1	deletion
n385-1	deletion
n390-1	deletion
n401-1	deletion
n402-1	deletion
n397-1	deletion
n404-1	deletion
n399-1	deletion
n410-1	deletion
n405-1	deletion
n408-1	deletion
n423-1	deletion
n424-1	deletion
n425-1	deletion
n435-1	deletion
n430-1	deletion
n438-1	deletion
n449-1	deletion
n448-1	deletion
n463-1	deletion
n465-1	deletion
n482-1	deletion
n483-1	deletion
n488-1	deletion
n504-1	deletion
n512-1	deletion
n516-1	deletion
n528-1	deletion
n521-1	deletion
n524-1	deletion
n538-1	deletion
n540-1	deletion
n542-1	deletion
n555-1	deletion
n552-1	deletion
n581-1	deletion
n580-1	deletion
n575-1	deletion
n573-1	deletion
n582-1	deletion
n401-2	deletion
n402-2	deletion
n393-2	deletion
n395-2	deletion
n410-2	deletion
n405-2	deletion
n412-2	deletion
n423-2	deletion
n424-2	deletion
n421-2	deletion
n435-2	deletion
n430-2	deletion
n438-2	deletion
n449-2	deletion
n448-2	deletion
n463-2	deletion
n461-2	deletion
n462-2	deletion
n482-2	deletion
n483-2	deletion
n490-2	deletion
n501-2	deletion
n509-2	deletion
n514-2	deletion
n528-2	deletion
n521-2	deletion
n524-2	deletion
n538-2	deletion
n545-2	deletion
n542-2	deletion
n555-2	deletion
n557-2	deletion
n581-2	deletion
n580-2	deletion
n571-2	deletion
n572-2	deletion
n577-2	deletion
n573-2	deletion
n578-2	deletion
n574-2	deletion
n596-1	deletion
n594-1	deletion
n591-1	deletion
n608-1	deletion
n598-1	deletion
n600-1	deletion
n609-1	deletion
n611-1	deletion
n623-1	deletion
n625-1	deletion
n638-1	deletion
n634-1	deletion
n636-1	deletion
n650-1	deletion
n644-1	deletion
n642-1	deletion
n659-1	deletion
n660-1	deletion
n655-1	deletion
n656-1	deletion
n653-1	deletion
n663-1	deletion
n665-1	deletion
n680-1	deletion
n677-1	deletion
n695-1	deletion
n705-1	deletion
n697-1	deletion
n720-1	deletion
n733-1	deletion
n729-1	deletion
n725-1	deletion
n731-1	deletion
n743-1	deletion
n735-1	deletion
n741-1	deletion
n756-1	deletion
n747-1	deletion
n753-1	deletion
n769-1	deletion
n759-1	deletion
n766-1	deletion
n771-1	deletion
n772-1	deletion
n774-1	deletion
n792-1	deletion
n790-1	deletion
n782-1	deletion
n784-1	deletion
n797-1	deletion
n799-1	deletion
n800-1	deletion
n817-1	deletion
n808-1	deletion
n805-1	deletion
n807-1	deletion
n812-1	deletion
n830-1	deletion
n840-1	deletion
n839-1	deletion
n846-1	deletion
n857-1	deletion
n858-1	deletion
n850-1	deletion
n859-1	deletion
n869-1	deletion
n872-1	deletion
n888-1	deletion
n882-1	deletion
n902-1	deletion
n893-1	deletion
n895-1	deletion
n916-1	deletion
n1010-1	deletion
n1012-1	deletion
n1017-1	deletion
n1021-1	deletion
n1026-1	deletion
n1023-1	deletion
n1033-1	deletion
n1035-1	deletion
n1040-1	deletion
n1043-1	deletion
n1048-1	deletion
n1049-1	deletion
n1054-1	deletion
n1055-1	deletion
n1061-1	deletion
n1069-1	deletion
n1071-1	deletion
n1078-1	deletion
n1118-1	deletion
n1119-1	deletion
n1363-1	deletion
n1361-1	deletion
n1443-1	deletion
n1483-1	deletion
n1484-1	deletion
n1488-1	deletion
n1492-1	deletion
n1553-1	deletion
n1554-1	deletion
n1565-1	deletion
n1600-1	deletion
n1608-1	deletion
n1626-1	deletion
n1699-1	deletion
n1723-1	deletion
n1724-1	deletion
n1746-1	deletion
n1747-1	deletion
n1764-1	deletion
n1771-1	deletion
n1786-1	deletion
n1802-1	deletion
n1800-1	deletion
n1797-1	deletion
n1812-1	deletion
n1809-1	deletion
n1816-1	deletion
n1846-1	deletion
n1848-1	deletion
insertion	n125	0	0	58	13.04488418749999
insertion	n248	0	0	50	22.294892975
insertion	n376	0	0	50	37.19127464791676
insertion	n378	0	0	70	37.42631760625008
insertion	n414	0	0	55	43.380383091666815
insertion	n428	0	0	72	44.96585468333348
insertion	n448	0	0	72	47.81414798750018
insertion	n450	0	0	70	48.03530204375018
insertion	n465	0	0	73	50.11863735625021
insertion	n466	0	0	74	50.22868019583355
insertion	n482	0	0	72	52.33017791875023
insertion	n501	0	0	41	55.34086453958361
insertion	n508	0	0	50	58.071636364583675
insertion	n512	0	0	50	59.03851762500034
insertion	n531	0	0	50	62.16779410208366
insertion	n567	0	0	55	69.00433905833387
insertion	n581	0	0	72	70.59087902708391
insertion	n616	0	0	73	75.80562757083415
insertion	n617	0	0	74	75.91353365625082
insertion	n633	0	0	72	77.95520226250085
insertion	n705	0	0	70	94.09090135208467
insertion	n706	0	0	72	94.149662091668
insertion	n797	0	0	58	118.22767641875195
insertion	n801	0	0	50	119.59947259375204
insertion	n804	0	0	50	120.55887521458537
insertion	n807	0	0	50	121.11977318333538
insertion	n823	0	0	50	123.72233975833538
insertion	n850	0	0	57	127.88366849791873
insertion	n860	0	0	55	129.53003758333523
insertion	n891	0	0	67	134.07064018750182
insertion	n1037	0	0	64	153.53967577708346
insertion	n1179	0	0	50	164.56853240833286
insertion	n1180	0	0	40	164.5770794249995
insertion	n1281	0	0	64	173.35486554166516
insertion	n1290	0	0	68	174.53114871041515
insertion	n1316	0	0	43	176.18499643541514
insertion	n1340	0	0	55	177.35700609583174
insertion	n1342	0	0	85	177.3805103916651
insertion	n1350	0	0	71	177.88585275208175
insertion	n1358	0	0	83	178.16042566249843
insertion	n1366	0	0	60	178.51405847708173
insertion	n1370	0	0	73	178.64119534999844
insertion	n1374	0	0	83	178.8719647999984
insertion	n1412	0	0	69	180.54824844374852
insertion	n1415	0	0	75	180.69354772708184
insertion	n1420	0	0	76	180.89547099583183
insertion	n1433	0	0	45	181.52901860624846
insertion	n1456	0	0	64	182.62624187083173
insertion	n1463	0	0	68	182.84525917291506
insertion	n1498	0	0	50	184.62090188541512
insertion	n1507	0	0	36	184.9467568958317
insertion	n1531	0	0	71	186.6892799187482
insertion	n1548	0	0	83	187.63799876874816
insertion	n1560	0	0	41	188.21385401666484
insertion	n1574	0	0	76	190.11342847083154
insertion	n1576	0	0	64	190.12624899583153
insertion	n1577	0	0	73	190.13479601249819
insertion	n1612	0	0	77	193.36663668958136
insertion	n1615	0	0	72	193.791850768748
insertion	n1633	0	0	44	195.07390326874793
insertion	n1634	0	0	45	195.12945887708125
insertion	n1639	0	0	44	195.55894646458114
insertion	n1640	0	0	36	195.7085192562478
insertion	n1641	0	0	42	195.71920302708114
insertion	n1642	0	0	57	195.88159634374782
insertion	n1643	0	0	45	195.88586985208116
insertion	n1644	0	0	53	195.93501519791445
insertion	n1645	0	0	39	196.04612641458112
insertion	n1646	0	0	48	196.16471627083112
insertion	n1647	0	0	36	196.2918531437478
insertion	n1648	0	0	51	196.41899001666445
insertion	n1649	0	0	52	196.48950290416442
insertion	n1650	0	0	33	196.53330636458105
insertion	n1651	0	0	54	196.66151161458103
insertion	n1652	0	0	30	196.77689633958104
insertion	n1653	0	0	57	196.8944178187477
insertion	n1654	0	0	27	197.04505898749773
insertion	n1655	0	0	60	197.1721958604144
insertion	n1656	0	0	24	197.28010194583106
insertion	n1657	0	0	31	197.49270898541442
insertion	n1658	0	0	58	197.49484573958108
insertion	n1659	0	0	50	197.5151449041644
insertion	n1660	0	0	46	198.04826506874772
insertion	n1661	0	0	62	198.3709149479144
insertion	n1662	0	0	50	198.51407747708106
insertion	n1663	0	0	58	198.67647079374774
insertion	n1664	0	0	55	198.8025392895811
insertion	n1665	0	0	55	198.9563855895811
insertion	n1666	0	0	58	199.10809513541443
insertion	n1667	0	0	50	199.2897192395811
insertion	n1668	0	0	62	199.45318093333108
insertion	n1669	0	0	46	199.62946315208106
insertion	n1670	0	0	67	199.8132240104144
insertion	n1671	0	0	43	200.01087377083104
insertion	n1672	0	0	70	200.26087400833103
insertion	n1673	0	0	31	200.4798913104144
insertion	n1674	0	0	79	201.23416553124773
