onset_beat,duration_beat,onset_quarter,duration_quarter,onset_div,duration_div,pitch,voice,id
-0.5,0.5,-0.5,0.5,0,512,50,4,n2-1
0.0,3.0,0.0,3.0,512,3072,31,5,n12-1
0.0,3.0,0.0,3.0,512,3072,43,5,n13-1
0.0,0.16699219,0.0,0.16699219,512,171,55,4,n4-1
0.16699219,0.16601562,0.16699219,0.16601562,683,170,50,4,n5-1
0.3330078,0.16699219,0.3330078,0.16699219,853,171,57,4,n6-1
0.5,0.5,0.5,0.5,1024,512,58,4,n7-1
1.0,0.16699219,1.0,0.16699219,1536,171,57,4,n8-1
1.1669922,0.16601562,1.1669922,0.16601562,1707,170,50,4,n9-1
1.3330078,0.16699219,1.3330078,0.16699219,1877,171,58,4,n10-1
1.5,0.5,1.5,0.5,2048,512,60,4,n11-1
2.0,0.16699219,2.0,0.16699219,2560,171,58,4,n15-1
2.1669922,0.16601562,2.1669922,0.16601562,2731,170,50,4,n16-1
2.3330078,0.16699219,2.3330078,0.16699219,2901,171,60,4,n17-1
2.5,0.5,2.5,0.5,3072,512,62,4,n18-1
3.0,0.16699219,3.0,0.16699219,3584,171,55,4,n19-1
3.1669922,0.16601562,3.1669922,0.16601562,3755,170,50,4,n20-1
3.3330078,0.16699219,3.3330078,0.16699219,3925,171,57,4,n21-1
3.5,0.5,3.5,0.5,4096,512,34,5,n25-1
3.5,0.5,3.5,0.5,4096,512,46,5,n26-1
3.5,0.5,3.5,0.5,4096,512,58,4,n22-1
4.0,0.5,4.0,0.5,4608,512,36,5,n36-1
4.0,0.5,4.0,0.5,4608,512,48,5,n37-1
4.0,0.16699219,4.0,0.16699219,4608,171,57,4,n28-1
4.166992,0.16601562,4.166992,0.16601562,4779,170,51,4,n29-1
4.333008,0.16699219,4.333008,0.16699219,4949,171,58,4,n30-1
4.5,0.5,4.5,0.5,5120,512,60,4,n31-1
5.0,0.5,5.0,0.5,5632,512,38,5,n38-1
5.0,0.5,5.0,0.5,5632,512,50,5,n39-1
5.0,0.16699219,5.0,0.16699219,5632,171,54,4,n32-1
5.166992,0.16601562,5.166992,0.16601562,5803,170,48,4,n33-1
5.333008,0.16699219,5.333008,0.16699219,5973,171,55,4,n34-1
5.5,0.5,5.5,0.5,6144,512,57,4,n35-1
6.0,1.0,6.0,1.0,6656,1024,31,5,n48-1
6.0,1.0,6.0,1.0,6656,1024,43,5,n49-1
6.0,0.16699219,6.0,0.16699219,6656,171,55,4,n41-1
6.166992,0.16601562,6.166992,0.16601562,6827,170,50,4,n42-1
6.333008,0.16699219,6.333008,0.16699219,6997,171,57,4,n43-1
6.5,0.5,6.5,0.5,7168,512,58,4,n44-1
7.0,0.16699219,7.0,0.16699219,7680,171,57,4,n45-1
7.416992,0.055664062,7.416992,0.055664062,8107,57,54,4,n46-1
7.4726562,0.02734375,7.4726562,0.02734375,8164,28,50,4,n47-1
7.5,0.5,7.5,0.5,8192,512,38,5,n50-1
8.0,3.0,8.0,3.0,8704,3072,31,5,n60-1
8.0,3.0,8.0,3.0,8704,3072,43,5,n61-1
8.0,0.16699219,8.0,0.16699219,8704,171,55,4,n52-1
8.166992,0.11035156,8.166992,0.11035156,8875,113,50,4,n53-1
8.25,0.16699219,8.25,0.16699219,8960,171,57,4,n56-1
8.277344,0.111328125,8.277344,0.111328125,8988,114,57,4,n54-1
8.388672,-0.13867188,8.388672,-0.13867188,9102,-142,58,4,n55-1
8.416992,0.11035156,8.416992,0.11035156,9131,113,50,4,n57-1
8.527344,0.111328125,8.527344,0.111328125,9244,114,58,4,n58-1
8.638672,0.111328125,8.638672,0.111328125,9358,114,60,4,n59-1
10.0,0.16699219,10.0,0.16699219,10752,171,58,4,n63-1
10.166992,0.11035156,10.166992,0.11035156,10923,113,50,4,n64-1
10.277344,0.111328125,10.277344,0.111328125,11036,114,60,4,n65-1
10.388672,0.111328125,10.388672,0.111328125,11150,114,62,4,n66-1
10.5,0.16699219,10.5,0.16699219,11264,171,55,4,n67-1
10.666992,0.11035156,10.666992,0.11035156,11435,113,50,4,n68-1
10.777344,0.111328125,10.777344,0.111328125,11548,114,57,4,n69-1
10.888672,0.111328125,10.888672,0.111328125,11662,114,58,4,n70-1
11.5,0.5,11.5,0.5,12288,512,34,5,n73-1
11.5,0.5,11.5,0.5,12288,512,46,5,n74-1
12.0,1.0,12.0,1.0,12800,1024,36,5,n84-1
12.0,1.0,12.0,1.0,12800,1024,48,5,n85-1
12.0,0.16699219,12.0,0.16699219,12800,171,57,4,n76-1
12.166992,0.11035156,12.166992,0.11035156,12971,113,51,4,n77-1
12.277344,0.111328125,12.277344,0.111328125,13084,114,58,4,n78-1
12.388672,0.111328125,12.388672,0.111328125,13198,114,60,4,n79-1
12.5,0.16699219,12.5,0.16699219,13312,171,59,4,n80-1
12.666992,0.11035156,12.666992,0.11035156,13483,113,53,4,n81-1
12.777344,0.111328125,12.777344,0.111328125,13596,114,60,4,n82-1
12.888672,0.111328125,12.888672,0.111328125,13710,114,62,4,n83-1
13.0,1.0,13.0,1.0,13824,1024,38,5,n86-1
13.0,1.0,13.0,1.0,13824,1024,50,5,n87-1
14.0,1.0,14.0,1.0,14848,1024,39,5,n97-1
14.0,1.0,14.0,1.0,14848,1024,51,5,n98-1
14.0,0.16699219,14.0,0.16699219,14848,171,60,4,n89-1
14.166992,0.11035156,14.166992,0.11035156,15019,113,55,4,n90-1
14.277344,0.111328125,14.277344,0.111328125,15132,114,62,4,n91-1
14.388672,0.111328125,14.388672,0.111328125,15246,114,63,4,n92-1
14.5,0.16699219,14.5,0.16699219,15360,171,59,4,n93-1
14.666992,0.11035156,14.666992,0.11035156,15531,113,53,4,n94-1
14.777344,0.111328125,14.777344,0.111328125,15644,114,60,4,n95-1
14.888672,0.111328125,14.888672,0.111328125,15758,114,62,4,n96-1
15.5,0.5,15.5,0.5,16384,512,38,5,n99-1
15.5,0.5,15.5,0.5,16384,512,50,5,n100-1
16.0,1.0,16.0,1.0,16896,1024,39,4,n109-1
16.0,1.0,16.0,1.0,16896,1024,51,4,n110-1
16.0,0.16699219,16.0,0.16699219,16896,171,60,1,n101-1
16.166992,0.16601562,16.166992,0.16601562,17067,170,55,1,n102-1
16.333008,0.16699219,16.333008,0.16699219,17237,171,62,1,n103-1
16.5,0.5,16.5,0.5,17408,512,63,1,n104-1
17.0,1.0,17.0,1.0,17920,1024,36,4,n111-1
17.0,1.0,17.0,1.0,17920,1024,48,4,n112-1
17.0,0.16699219,17.0,0.16699219,17920,171,63,1,n105-1
17.166992,0.16601562,17.166992,0.16601562,18091,170,55,1,n106-1
17.333008,0.16699219,17.333008,0.16699219,18261,171,65,1,n107-1
17.5,0.5,17.5,0.5,18432,512,67,1,n108-1
18.0,1.0,18.0,1.0,18944,1024,38,4,n119-1
18.0,1.0,18.0,1.0,18944,1024,50,4,n120-1
18.0,0.16699219,18.0,0.16699219,18944,171,66,1,n113-1
18.166992,0.16601562,18.166992,0.16601562,19115,170,54,1,n114-1
18.333008,0.16699219,18.333008,0.16699219,19285,171,67,1,n115-1
18.5,0.5,18.5,0.5,19456,512,69,1,n116-1
19.0,0.5,19.0,0.5,19968,512,62,1,n117-1
19.5,0.5,19.5,0.5,20480,512,50,4,n122-1
19.5,0.5,19.5,0.5,20480,512,62,1,n118-1
20.0,2.0,20.0,2.0,20992,2048,43,5,n135-1
20.0,1.0,20.0,1.0,20992,1024,46,4,n131-1
20.0,1.0,20.0,1.0,20992,1024,55,4,n132-1
20.0,0.16699219,20.0,0.16699219,20992,171,67,1,n123-1
20.166992,0.16601562,20.166992,0.16601562,21163,170,62,1,n124-1
20.333008,0.16699219,20.333008,0.16699219,21333,171,69,1,n125-1
20.5,0.5,20.5,0.5,21504,512,70,1,n126-1
21.0,1.0,21.0,1.0,22016,1024,50,4,n133-1
21.0,1.0,21.0,1.0,22016,1024,57,4,n134-1
21.0,0.16699219,21.0,0.16699219,22016,171,69,1,n127-1
21.166992,0.16601562,21.166992,0.16601562,22187,170,62,1,n128-1
21.333008,0.16699219,21.333008,0.16699219,22357,171,70,1,n129-1
21.5,0.5,21.5,0.5,22528,512,72,1,n130-1
22.0,1.0,22.0,1.0,23040,1024,55,5,n147-1
22.0,1.0,22.0,1.0,23040,1024,58,4,n144-1
22.0,0.16699219,22.0,0.16699219,23040,171,70,1,n136-1
22.166992,0.16601562,22.166992,0.16601562,23211,170,62,1,n137-1
22.333008,0.16699219,22.333008,0.16699219,23381,171,72,1,n138-1
22.5,0.5,22.5,0.5,23552,512,74,1,n139-1
23.0,0.16699219,23.0,0.16699219,24064,171,67,1,n140-1
23.166992,0.16601562,23.166992,0.16601562,24235,170,62,1,n141-1
23.333008,0.16699219,23.333008,0.16699219,24405,171,69,1,n142-1
23.5,0.5,23.5,0.5,24576,512,46,4,n145-1
23.5,0.5,23.5,0.5,24576,512,55,4,n146-1
23.5,0.5,23.5,0.5,24576,512,70,1,n143-1
24.0,1.0,24.0,1.0,25088,1024,48,4,n156-1
24.0,1.0,24.0,1.0,25088,1024,55,4,n157-1
24.0,1.0,24.0,1.0,25088,1024,57,4,n158-1
24.0,0.16699219,24.0,0.16699219,25088,171,69,1,n148-1
24.166992,0.16601562,24.166992,0.16601562,25259,170,63,1,n149-1
24.333008,0.16699219,24.333008,0.16699219,25429,171,70,1,n150-1
24.5,0.5,24.5,0.5,25600,512,72,1,n151-1
25.0,1.0,25.0,1.0,26112,1024,50,4,n159-1
25.0,1.0,25.0,1.0,26112,1024,54,4,n160-1
25.0,1.0,25.0,1.0,26112,1024,62,4,n161-1
25.0,0.16699219,25.0,0.16699219,26112,171,66,1,n152-1
25.166992,0.16601562,25.166992,0.16601562,26283,170,60,1,n153-1
25.333008,0.16699219,25.333008,0.16699219,26453,171,67,1,n154-1
25.5,0.5,25.5,0.5,26624,512,69,1,n155-1
26.0,1.0,26.0,1.0,27136,1024,43,4,n170-1
26.0,1.0,26.0,1.0,27136,1024,46,4,n171-1
26.0,1.0,26.0,1.0,27136,1024,55,4,n172-1
26.0,0.16699219,26.0,0.16699219,27136,171,67,1,n162-1
26.166992,0.16601562,26.166992,0.16601562,27307,170,62,1,n163-1
26.333008,0.16699219,26.333008,0.16699219,27477,171,69,1,n164-1
26.5,0.5,26.5,0.5,27648,512,70,1,n165-1
27.0,0.16699219,27.0,0.16699219,28160,171,69,1,n166-1
27.416992,0.055664062,27.416992,0.055664062,28587,57,66,1,n168-1
27.472656,0.02734375,27.472656,0.02734375,28644,28,62,1,n169-1
27.5,0.5,27.5,0.5,28672,512,50,4,n174-1
28.0,2.0,28.0,2.0,29184,2048,43,5,n187-1
28.0,1.0,28.0,1.0,29184,1024,46,4,n183-1
28.0,1.0,28.0,1.0,29184,1024,55,4,n184-1
28.0,0.16699219,28.0,0.16699219,29184,171,67,1,n175-1
28.166992,0.11035156,28.166992,0.11035156,29355,113,62,1,n176-1
28.25,0.16699219,28.25,0.16699219,29440,171,69,1,n179-1
28.277344,0.111328125,28.277344,0.111328125,29468,114,69,1,n177-1
28.388672,-0.13867188,28.388672,-0.13867188,29582,-142,70,1,n178-1
28.416992,0.11035156,28.416992,0.11035156,29611,113,62,1,n180-1
28.527344,0.111328125,28.527344,0.111328125,29724,114,70,1,n181-1
28.638672,0.111328125,28.638672,0.111328125,29838,114,72,1,n182-1
29.0,1.0,29.0,1.0,30208,1024,50,4,n185-1
29.0,1.0,29.0,1.0,30208,1024,57,4,n186-1
30.0,1.0,30.0,1.0,31232,1024,55,5,n199-1
30.0,1.0,30.0,1.0,31232,1024,58,4,n196-1
30.0,0.16699219,30.0,0.16699219,31232,171,70,1,n188-1
30.166992,0.11035156,30.166992,0.11035156,31403,113,62,1,n189-1
30.277344,0.111328125,30.277344,0.111328125,31516,114,72,1,n190-1
30.388672,0.111328125,30.388672,0.111328125,31630,114,74,1,n191-1
30.5,0.16699219,30.5,0.16699219,31744,171,75,1,n192-1
30.666992,0.11035156,30.666992,0.11035156,31915,113,67,1,n193-1
30.777344,0.111328125,30.777344,0.111328125,32028,114,77,1,n194-1
30.888672,0.111328125,30.888672,0.111328125,32142,114,79,1,n195-1
31.5,0.5,31.5,0.5,32768,512,39,4,n197-1
31.5,0.5,31.5,0.5,32768,512,51,4,n198-1
32.0,1.0,32.0,1.0,33280,1024,41,4,n208-1
32.0,1.0,32.0,1.0,33280,1024,53,4,n209-1
32.0,0.16699219,32.0,0.16699219,33280,171,69,1,n200-1
32.166992,0.11035156,32.166992,0.11035156,33451,113,60,1,n201-1
32.277344,0.111328125,32.277344,0.111328125,33564,114,70,1,n202-1
32.38867,0.111328125,32.38867,0.111328125,33678,114,72,1,n203-1
32.5,0.16699219,32.5,0.16699219,33792,171,74,1,n204-1
32.666992,0.11035156,32.666992,0.11035156,33963,113,65,1,n205-1
32.777344,0.111328125,32.777344,0.111328125,34076,114,75,1,n206-1
32.88867,0.111328125,32.88867,0.111328125,34190,114,77,1,n207-1
33.0,1.0,33.0,1.0,34304,1024,34,4,n210-1
33.0,1.0,33.0,1.0,34304,1024,46,4,n211-1
34.0,1.0,34.0,1.0,35328,1024,39,4,n220-1
34.0,1.0,34.0,1.0,35328,1024,51,4,n221-1
34.0,0.16699219,34.0,0.16699219,35328,171,67,1,n212-1
34.166992,0.11035156,34.166992,0.11035156,35499,113,58,1,n213-1
34.277344,0.111328125,34.277344,0.111328125,35612,114,69,1,n214-1
34.38867,0.111328125,34.38867,0.111328125,35726,114,70,1,n215-1
34.5,0.16699219,34.5,0.16699219,35840,171,72,1,n216-1
34.666992,0.11035156,34.666992,0.11035156,36011,113,63,1,n217-1
34.777344,0.111328125,34.777344,0.111328125,36124,114,74,1,n218-1
34.88867,0.111328125,34.88867,0.111328125,36238,114,75,1,n219-1
35.5,0.5,35.5,0.5,36864,512,33,4,n223-1
35.5,0.5,35.5,0.5,36864,512,45,4,n224-1
36.0,1.0,36.0,1.0,37376,1024,38,4,n233-1
36.0,1.0,36.0,1.0,37376,1024,50,4,n234-1
36.0,0.16699219,36.0,0.16699219,37376,171,66,1,n225-1
36.166992,0.11035156,36.166992,0.11035156,37547,113,57,1,n226-1
36.277344,0.111328125,36.277344,0.111328125,37660,114,67,1,n227-1
36.38867,0.111328125,36.38867,0.111328125,37774,114,69,1,n228-1
36.5,0.16699219,36.5,0.16699219,37888,171,72,1,n229-1
36.666992,0.11035156,36.666992,0.11035156,38059,113,63,1,n230-1
36.777344,0.111328125,36.777344,0.111328125,38172,114,74,1,n231-1
36.88867,0.111328125,36.88867,0.111328125,38286,114,75,1,n232-1
37.5,0.5,37.5,0.5,38912,512,32,4,n236-1
37.5,0.5,37.5,0.5,38912,512,44,4,n237-1
38.0,1.0,38.0,1.0,39424,1024,38,4,n246-1
38.0,1.0,38.0,1.0,39424,1024,50,4,n247-1
38.0,0.16699219,38.0,0.16699219,39424,171,66,1,n238-1
38.166992,0.11035156,38.166992,0.11035156,39595,113,57,1,n239-1
38.277344,0.111328125,38.277344,0.111328125,39708,114,67,1,n240-1
38.38867,0.111328125,38.38867,0.111328125,39822,114,69,1,n241-1
38.5,0.16699219,38.5,0.16699219,39936,171,72,1,n242-1
38.666992,0.11035156,38.666992,0.11035156,40107,113,63,1,n243-1
38.777344,0.111328125,38.777344,0.111328125,40220,114,74,1,n244-1
38.88867,0.111328125,38.88867,0.111328125,40334,114,75,1,n245-1
39.5,0.5,39.5,0.5,40960,512,33,4,n249-1
39.5,0.5,39.5,0.5,40960,512,45,4,n250-1
40.0,2.0,40.0,2.0,41472,2048,38,4,n259-1
40.0,2.0,40.0,2.0,41472,2048,50,4,n260-1
40.0,0.16699219,40.0,0.16699219,41472,171,66,1,n251-1
40.166992,0.11035156,40.166992,0.11035156,41643,113,57,1,n252-1
40.277344,0.111328125,40.277344,0.111328125,41756,114,67,1,n253-1
40.38867,0.111328125,40.38867,0.111328125,41870,114,69,1,n254-1
40.5,0.16699219,40.5,0.16699219,41984,171,60,1,n255-1
40.666992,0.11035156,40.666992,0.11035156,42155,113,57,1,n256-1
40.777344,0.111328125,40.777344,0.111328125,42268,114,62,1,n257-1
40.88867,0.111328125,40.88867,0.111328125,42382,114,63,1,n258-1
42.0,1.0,42.0,1.0,43520,1024,38,5,n268-1
42.0,0.16699219,42.0,0.16699219,43520,171,54,4,n262-1
42.166992,0.11035156,42.166992,0.11035156,43691,113,50,4,n263-1
42.277344,0.111328125,42.277344,0.111328125,43804,114,55,4,n264-1
42.38867,0.111328125,42.38867,0.111328125,43918,114,57,4,n265-1
42.5,0.5,42.5,0.5,44032,512,50,4,n266-1
43.0,0.5,43.0,0.5,44544,512,50,4,n267-1
43.5,0.5,43.5,0.5,45056,512,38,5,n269-1
44.0,2.0,44.0,2.0,45568,2048,31,5,n279-1
44.0,2.0,44.0,2.0,45568,2048,43,5,n280-1
44.0,0.16699219,44.0,0.16699219,45568,171,55,4,n271-1
44.166992,0.11035156,44.166992,0.11035156,45739,113,50,4,n272-1
44.277344,0.111328125,44.277344,0.111328125,45852,114,57,4,n273-1
44.38867,0.111328125,44.38867,0.111328125,45966,114,58,4,n274-1
44.5,0.16699219,44.5,0.16699219,46080,171,57,4,n275-1
44.666992,0.11035156,44.666992,0.11035156,46251,113,50,4,n276-1
44.777344,0.111328125,44.777344,0.111328125,46364,114,58,4,n277-1
44.88867,0.111328125,44.88867,0.111328125,46478,114,60,4,n278-1
46.0,1.0,46.0,1.0,47616,1024,31,5,n290-1
46.0,1.0,46.0,1.0,47616,1024,43,5,n291-1
46.0,0.16699219,46.0,0.16699219,47616,171,58,4,n282-1
46.166992,0.11035156,46.166992,0.11035156,47787,113,50,4,n283-1
46.277344,0.111328125,46.277344,0.111328125,47900,114,60,4,n284-1
46.38867,0.111328125,46.38867,0.111328125,48014,114,62,4,n285-1
46.5,0.16699219,46.5,0.16699219,48128,171,55,4,n286-1
46.666992,0.11035156,46.666992,0.11035156,48299,113,50,4,n287-1
46.777344,0.111328125,46.777344,0.111328125,48412,114,57,4,n288-1
46.88867,0.111328125,46.88867,0.111328125,48526,114,58,4,n289-1
47.5,0.5,47.5,0.5,49152,512,34,5,n292-1
47.5,0.5,47.5,0.5,49152,512,46,5,n293-1
48.0,1.0,48.0,1.0,49664,1024,36,5,n303-1
48.0,1.0,48.0,1.0,49664,1024,48,5,n304-1
48.0,0.16699219,48.0,0.16699219,49664,171,57,4,n295-1
48.166992,0.11035156,48.166992,0.11035156,49835,113,51,4,n296-1
48.277344,0.111328125,48.277344,0.111328125,49948,114,58,4,n297-1
48.38867,0.111328125,48.38867,0.111328125,50062,114,60,4,n298-1
48.5,0.16699219,48.5,0.16699219,50176,171,59,4,n299-1
48.666992,0.11035156,48.666992,0.11035156,50347,113,53,4,n300-1
48.777344,0.111328125,48.777344,0.111328125,50460,114,60,4,n301-1
48.88867,0.111328125,48.88867,0.111328125,50574,114,62,4,n302-1
49.0,1.0,49.0,1.0,50688,1024,38,5,n305-1
49.0,1.0,49.0,1.0,50688,1024,50,5,n306-1
50.0,1.0,50.0,1.0,51712,1024,39,5,n316-1
50.0,1.0,50.0,1.0,51712,1024,51,5,n317-1
50.0,0.16699219,50.0,0.16699219,51712,171,60,4,n308-1
50.166992,0.11035156,50.166992,0.11035156,51883,113,55,4,n309-1
50.277344,0.111328125,50.277344,0.111328125,51996,114,62,4,n310-1
50.38867,0.111328125,50.38867,0.111328125,52110,114,63,4,n311-1
50.5,0.16699219,50.5,0.16699219,52224,171,59,4,n312-1
50.666992,0.11035156,50.666992,0.11035156,52395,113,53,4,n313-1
50.777344,0.111328125,50.777344,0.111328125,52508,114,60,4,n314-1
50.88867,0.111328125,50.88867,0.111328125,52622,114,62,4,n315-1
51.5,0.5,51.5,0.5,53248,512,38,5,n318-1
51.5,0.5,51.5,0.5,53248,512,50,5,n319-1
52.0,1.0,52.0,1.0,53760,1024,39,4,n329-1
52.0,1.0,52.0,1.0,53760,1024,51,4,n330-1
52.0,0.16699219,52.0,0.16699219,53760,171,60,1,n320-1
52.166992,0.11035156,52.166992,0.11035156,53931,113,55,1,n321-1
52.277344,0.111328125,52.277344,0.111328125,54044,114,62,1,n322-1
52.38867,0.111328125,52.38867,0.111328125,54158,114,63,1,n323-1
52.5,0.25,52.5,0.25,54272,256,60,1,n324-1
52.75,0.16699219,52.75,0.16699219,54528,171,62,1,n325-1
52.916992,0.11035156,52.916992,0.11035156,54699,113,55,1,n326-1
53.0,1.0,53.0,1.0,54784,1024,38,4,n331-1
53.0,1.0,53.0,1.0,54784,1024,50,4,n332-1
53.027344,0.111328125,53.027344,0.111328125,54812,114,63,1,n327-1
53.13867,0.111328125,53.13867,0.111328125,54926,114,65,1,n328-1
54.0,1.5,54.0,1.5,55808,1536,37,4,n341-1
54.0,1.5,54.0,1.5,55808,1536,49,4,n342-1
54.0,0.16699219,54.0,0.16699219,55808,171,64,1,n333-1
54.166992,0.11035156,54.166992,0.11035156,55979,113,55,1,n334-1
54.277344,0.111328125,54.277344,0.111328125,56092,114,66,1,n335-1
54.38867,0.111328125,54.38867,0.111328125,56206,114,67,1,n336-1
54.5,0.16699219,54.5,0.16699219,56320,171,67,1,n337-1
54.666992,0.11035156,54.666992,0.11035156,56491,113,58,1,n338-1
54.777344,0.111328125,54.777344,0.111328125,56604,114,69,1,n339-1
54.88867,0.111328125,54.88867,0.111328125,56718,114,70,1,n340-1
55.5,0.5,55.5,0.5,57344,512,37,4,n343-1
55.5,0.5,55.5,0.5,57344,512,49,4,n344-1
56.0,1.0,56.0,1.0,57856,1024,38,4,n350-1
56.0,1.0,56.0,1.0,57856,1024,50,4,n351-1
56.0,1.0,56.0,1.0,57856,1024,62,1,n345-1
56.0,1.0,56.0,1.0,57856,1024,74,1,n346-1
57.0,1.0,57.0,1.0,58880,1024,38,4,n352-1
57.0,1.0,57.0,1.0,58880,1024,50,4,n353-1
57.0,1.0,57.0,1.0,58880,1024,57,1,n347-1
57.0,1.0,57.0,1.0,58880,1024,62,1,n348-1
57.0,1.0,57.0,1.0,58880,1024,66,1,n349-1
58.0,1.5,58.0,1.5,59904,1536,37,4,n362-1
58.0,1.5,58.0,1.5,59904,1536,49,4,n363-1
58.0,0.16699219,58.0,0.16699219,59904,171,64,1,n354-1
58.166992,0.11035156,58.166992,0.11035156,60075,113,58,1,n355-1
58.277344,0.111328125,58.277344,0.111328125,60188,114,66,1,n356-1
58.38867,0.111328125,58.38867,0.111328125,60302,114,67,1,n357-1
58.5,0.16699219,58.5,0.16699219,60416,171,67,1,n358-1
58.666992,0.11035156,58.666992,0.11035156,60587,113,58,1,n359-1
58.777344,0.111328125,58.777344,0.111328125,60700,114,69,1,n360-1
58.88867,0.111328125,58.88867,0.111328125,60814,114,70,1,n361-1
59.5,0.5,59.5,0.5,61440,512,37,4,n364-1
59.5,0.5,59.5,0.5,61440,512,49,4,n365-1
60.0,1.0,60.0,1.0,61952,1024,38,4,n372-1
60.0,1.0,60.0,1.0,61952,1024,50,4,n373-1
60.0,1.0,60.0,1.0,61952,1024,70,1,n366-1
60.0,1.0,60.0,1.0,61952,1024,74,1,n367-1
60.0,1.0,60.0,1.0,61952,1024,79,1,n368-1
61.0,1.0,61.0,1.0,62976,1024,38,4,n374-1
61.0,1.0,61.0,1.0,62976,1024,50,4,n375-1
61.0,1.0,61.0,1.0,62976,1024,66,1,n369-1
61.0,1.0,61.0,1.0,62976,1024,69,1,n370-1
61.0,1.0,61.0,1.0,62976,1024,74,1,n371-1
62.0,1.0,62.0,1.0,64000,1024,31,4,n380-1
62.0,1.0,62.0,1.0,64000,1024,43,4,n381-1
62.0,1.0,62.0,1.0,64000,1024,58,1,n376-1
62.0,1.0,62.0,1.0,64000,1024,62,1,n377-1
62.0,1.0,62.0,1.0,64000,1024,67,1,n378-1
64.0,2.0,64.0,2.0,66048,2048,34,6,n391-1
64.0,2.0,64.0,2.0,66048,2048,46,6,n392-1
64.0,0.5,64.0,0.5,66048,512,53,1,n383-1
64.0,0.25,64.0,0.25,66048,256,53,2,n387-1
64.25,0.25,64.25,0.25,66304,256,50,2,n388-1
64.5,0.5,64.5,0.5,66560,512,55,1,n384-1
65.0,0.25,65.0,0.25,67072,256,57,2,n389-1
65.0,0.5,65.0,0.5,67072,512,57,1,n385-1
65.25,0.25,65.25,0.25,67328,256,50,2,n390-1
65.5,0.5,65.5,0.5,67584,512,58,1,n386-1
66.0,1.0,66.0,1.0,68096,1024,34,6,n401-1
66.0,1.0,66.0,1.0,68096,1024,46,6,n402-1
66.0,0.5,66.0,0.5,68096,512,60,1,n393-1
66.0,0.25,66.0,0.25,68096,256,60,2,n397-1
66.25,0.25,66.25,0.25,68352,256,50,2,n398-1
66.5,0.5,66.5,0.5,68608,512,62,1,n394-1
67.0,1.0,67.0,1.0,69120,1024,32,6,n403-1
67.0,1.0,67.0,1.0,69120,1024,48,6,n404-1
67.0,0.25,67.0,0.25,69120,256,63,2,n399-1
67.0,0.5,67.0,0.5,69120,512,63,1,n395-1
67.25,0.25,67.25,0.25,69376,256,50,2,n400-1
67.5,0.5,67.5,0.5,69632,512,65,1,n396-1
68.0,2.0,68.0,2.0,70144,2048,31,5,n414-1
68.0,2.0,68.0,2.0,70144,2048,47,5,n415-1
68.0,0.5,68.0,0.5,70144,512,67,3,n410-1
68.0,0.25,68.0,0.25,70144,256,67,2,n406-1
68.0,3.0,68.0,3.0,70144,3072,67,1,n405-1
68.25,0.25,68.25,0.25,70400,256,50,2,n407-1
68.5,0.5,68.5,0.5,70656,512,65,3,n411-1
69.0,0.25,69.0,0.25,71168,256,63,2,n408-1
69.0,0.5,69.0,0.5,71168,512,63,3,n412-1
69.25,0.25,69.25,0.25,71424,256,50,2,n409-1
69.5,0.5,69.5,0.5,71680,512,62,3,n413-1
70.0,1.0,70.0,1.0,72192,1024,31,7,n423-1
70.0,1.0,70.0,1.0,72192,1024,47,7,n424-1
70.0,0.5,70.0,0.5,72192,512,60,6,n419-1
70.5,0.5,70.5,0.5,72704,512,59,6,n420-1
71.0,0.25,71.0,0.25,73216,256,57,7,n425-1
71.0,0.5,71.0,0.5,73216,512,57,6,n421-1
71.0,0.5,71.0,0.5,73216,512,69,1,n417-1
71.25,0.25,71.25,0.25,73472,256,50,7,n426-1
71.5,0.5,71.5,0.5,73728,512,55,6,n422-1
71.5,0.5,71.5,0.5,73728,512,71,1,n418-1
72.0,0.5,72.0,0.5,74240,512,48,6,n431-1
72.0,0.25,72.0,0.25,74240,256,48,7,n435-1
72.0,2.0,72.0,2.0,74240,2048,63,4,n430-1
72.0,0.0,72.0,0.0,74240,0,63,4,n429-1
72.0,2.5,72.0,2.5,74240,2560,75,1,n428-1
72.25,0.25,72.25,0.25,74496,256,36,7,n436-1
72.5,0.5,72.5,0.5,74752,512,50,6,n432-1
73.0,0.25,73.0,0.25,75264,256,51,7,n438-1
73.0,0.5,73.0,0.5,75264,512,51,6,n433-1
73.25,0.25,73.25,0.25,75520,256,48,7,n439-1
73.5,0.5,73.5,0.5,75776,512,53,6,n434-1
74.0,0.5,74.0,0.5,76288,512,55,6,n449-1
74.0,0.25,74.0,0.25,76288,256,55,7,n454-1
74.0,0.5,74.0,0.5,76288,512,63,3,n448-1
74.25,0.25,74.25,0.25,76544,256,48,7,n455-1
74.5,0.5,74.5,0.5,76800,512,57,6,n450-1
74.5,0.6669922,74.5,0.6669922,76800,683,74,1,n442-1
75.0,0.3330078,75.0,0.3330078,77312,341,59,6,n451-1
75.200195,0.20019531,75.200195,0.20019531,77517,205,72,2,n444-1
75.33301,0.33398438,75.33301,0.33398438,77653,342,60,6,n452-1
75.40039,0.20019531,75.40039,0.20019531,77722,205,70,2,n445-1
75.600586,0.19921875,75.600586,0.19921875,77927,204,69,2,n446-1
75.66699,0.3330078,75.66699,0.3330078,77995,341,62,6,n453-1
75.799805,0.20019531,75.799805,0.20019531,78131,205,67,2,n447-1
76.0,2.0,76.0,2.0,78336,2048,41,5,n467-1
76.0,2.0,76.0,2.0,78336,2048,57,5,n468-1
76.0,0.25,76.0,0.25,78336,256,63,2,n459-1
76.0,0.5,76.0,0.5,78336,512,63,3,n463-1
76.0,3.2001953,76.0,3.2001953,78336,3277,65,1,n458-1
76.25,0.25,76.25,0.25,78592,256,53,2,n460-1
76.5,0.5,76.5,0.5,78848,512,62,3,n464-1
77.0,0.25,77.0,0.25,79360,256,60,2,n461-1
77.0,0.5,77.0,0.5,79360,512,60,3,n465-1
77.25,0.25,77.25,0.25,79616,256,53,2,n462-1
77.5,0.5,77.5,0.5,79872,512,58,3,n466-1
78.0,2.0,78.0,2.0,80384,2048,41,7,n482-1
78.0,0.25,78.0,0.25,80384,256,57,6,n475-1
78.25,0.25,78.25,0.25,80640,256,53,6,n476-1
79.0,0.25,79.0,0.25,81408,256,53,6,n478-1
79.200195,0.20019531,79.200195,0.20019531,81613,205,67,1,n471-1
79.25,0.25,79.25,0.25,81664,256,51,6,n479-1
79.40039,0.19921875,79.40039,0.19921875,81818,204,69,1,n472-1
79.5,0.25,79.5,0.25,81920,256,50,6,n480-1
79.59961,0.20019531,79.59961,0.20019531,82022,205,70,1,n473-1
79.75,0.25,79.75,0.25,82176,256,48,6,n481-1
79.799805,0.20019531,79.799805,0.20019531,82227,205,72,1,n474-1
80.0,1.0,80.0,1.0,82432,1024,34,5,n492-1
80.0,1.0,80.0,1.0,82432,1024,46,5,n493-1
80.0,0.5,80.0,0.5,82432,512,74,1,n483-1
80.0,0.25,80.0,0.25,82432,256,74,2,n486-1
80.25,0.25,80.25,0.25,82688,256,62,2,n487-1
80.5,0.5,80.5,0.5,82944,512,72,1,n484-1
81.0,0.5,81.0,0.5,83456,512,70,4,n490-1
81.0,0.25,81.0,0.25,83456,256,70,2,n488-1
81.0,1.5,81.0,1.5,83456,1536,79,1,n485-1
81.25,0.25,81.25,0.25,83712,256,58,2,n489-1
81.5,0.5,81.5,0.5,83968,512,69,4,n491-1
82.0,0.25,82.0,0.25,84480,256,67,2,n501-1
82.0,0.5,82.0,0.5,84480,512,67,3,n504-1
82.25,1.75,82.25,1.75,84736,1792,58,2,n502-1
82.5,0.5,82.5,0.5,84992,512,65,3,n505-1
82.5,0.5,82.5,0.5,84992,512,77,1,n495-1
83.0,0.5,83.0,0.5,85504,512,64,3,n506-1
83.0,0.5,83.0,0.5,85504,512,76,1,n496-1
83.5,0.25,83.5,0.25,86016,256,62,3,n507-1
83.5,0.25,83.5,0.25,86016,256,74,1,n499-1
83.5,0.0,83.5,0.0,86016,0,76,1,n498-1
83.5,0.0,83.5,0.0,86016,0,77,1,n497-1
83.75,0.25,83.75,0.25,86272,256,60,3,n508-1
83.75,0.25,83.75,0.25,86272,256,72,1,n500-1
84.0,1.0,84.0,1.0,86528,1024,45,5,n518-1
84.0,0.5,84.0,0.5,86528,512,72,1,n509-1
84.0,0.25,84.0,0.25,86528,256,72,2,n512-1
84.25,0.25,84.25,0.25,86784,256,60,2,n513-1
84.5,0.5,84.5,0.5,87040,512,70,1,n510-1
85.0,0.5,85.0,0.5,87552,512,69,4,n516-1
85.0,0.25,85.0,0.25,87552,256,69,2,n514-1
85.0,1.5,85.0,1.5,87552,1536,77,1,n511-1
85.25,0.25,85.25,0.25,87808,256,57,2,n515-1
85.5,0.5,85.5,0.5,88064,512,67,4,n517-1
86.0,0.25,86.0,0.25,88576,256,65,2,n528-1
86.0,0.5,86.0,0.5,88576,512,65,3,n533-1
86.25,0.75,86.25,0.75,88832,768,57,2,n529-1
86.5,0.5,86.5,0.5,89088,512,64,3,n534-1
86.5,0.5,86.5,0.5,89088,512,76,1,n520-1
87.0,1.0,87.0,1.0,89600,1024,47,4,n536-1
87.0,1.0,87.0,1.0,89600,1024,56,4,n537-1
87.0,0.5,87.0,0.5,89600,512,62,2,n530-1
87.0,0.5,87.0,0.5,89600,512,74,1,n521-1
87.5,0.25,87.5,0.25,90112,256,64,2,n531-1
87.5,0.0,87.5,0.0,90112,0,72,1,n524-1
87.5,0.0,87.5,0.0,90112,0,74,1,n523-1
87.5,0.0,87.5,0.0,90112,0,74,1,n525-1
87.5,0.25,87.5,0.25,90112,256,76,1,n526-1
87.5,0.0,87.5,0.0,90112,0,76,1,n522-1
87.75,0.25,87.75,0.25,90368,256,65,2,n532-1
87.75,0.25,87.75,0.25,90368,256,77,1,n527-1
88.0,2.0,88.0,2.0,90624,2048,48,5,n547-1
88.0,2.0,88.0,2.0,90624,2048,57,5,n548-1
88.0,2.0,88.0,2.0,90624,2048,60,5,n549-1
88.0,0.25,88.0,0.25,90624,256,77,2,n543-1
88.0,0.5,88.0,0.5,90624,512,77,1,n538-1
88.25,0.25,88.25,0.25,90880,256,65,2,n544-1
88.5,0.5,88.5,0.5,91136,512,76,1,n539-1
89.0,0.75,89.0,0.75,91648,768,74,1,n540-1
89.0,0.25,89.0,0.25,91648,256,74,2,n545-1
89.25,0.25,89.25,0.25,91904,256,65,2,n546-1
89.75,0.25,89.75,0.25,92416,256,72,1,n542-1
90.0,2.0,90.0,2.0,92672,2048,48,5,n559-1
90.0,2.0,90.0,2.0,92672,2048,58,5,n560-1
90.0,2.0,90.0,2.0,92672,2048,64,5,n561-1
90.0,0.25,90.0,0.25,92672,256,72,2,n555-1
90.0,0.5,90.0,0.5,92672,512,72,1,n550-1
90.25,0.25,90.25,0.25,92928,256,60,2,n556-1
90.5,0.5,90.5,0.5,93184,512,70,1,n551-1
91.0,0.75,91.0,0.75,93696,768,69,1,n552-1
91.0,0.25,91.0,0.25,93696,256,69,2,n557-1
91.25,0.25,91.25,0.25,93952,256,60,2,n558-1
91.75,0.25,91.75,0.25,94464,256,67,1,n554-1
92.0,0.5,92.0,0.5,94720,512,53,7,n567-1
92.0,2.0,92.0,2.0,94720,2048,60,6,n566-1
92.0,2.0,92.0,2.0,94720,2048,67,1,n562-1
92.25,1.0,92.25,1.0,94976,1024,58,4,n563-1
92.5,0.5,92.5,0.5,95232,512,52,7,n568-1
93.0,0.5,93.0,0.5,95744,512,50,7,n569-1
93.25,0.75,93.25,0.75,96000,768,58,4,n565-1
93.5,0.5,93.5,0.5,96256,512,48,7,n570-1
94.0,1.0,94.0,1.0,96768,1024,53,5,n579-1
94.0,2.0,94.0,2.0,96768,2048,53,6,n581-1
94.0,1.0,94.0,1.0,96768,1024,60,5,n580-1
94.0,0.25,94.0,0.25,96768,256,65,2,n575-1
94.0,0.5,94.0,0.5,96768,512,65,1,n571-1
94.25,0.75,94.25,0.75,97024,768,57,2,n576-1
94.5,0.5,94.5,0.5,97280,512,63,1,n572-1
95.0,0.25,95.0,0.25,97792,256,62,2,n577-1
95.0,0.5,95.0,0.5,97792,512,62,1,n573-1
95.25,0.75,95.25,0.75,98048,768,51,2,n578-1
95.5,0.5,95.5,0.5,98304,512,61,1,n574-1
96.0,2.0,96.0,2.0,98816,2048,34,7,n589-1
96.0,2.0,96.0,2.0,98816,2048,46,7,n590-1
96.0,0.5,96.0,0.5,98816,512,53,6,n585-1
96.0,0.5,96.0,0.5,98816,512,61,1,n582-1
96.5,0.5,96.5,0.5,99328,512,55,6,n586-1
96.5,0.5,96.5,0.5,99328,512,62,1,n583-1
97.0,0.5,97.0,0.5,99840,512,57,6,n587-1
97.5,0.5,97.5,0.5,100352,512,58,6,n588-1
98.0,1.0,98.0,1.0,100864,1024,34,6,n401-2
98.0,1.0,98.0,1.0,100864,1024,46,6,n402-2
98.0,0.5,98.0,0.5,100864,512,60,1,n393-2
98.0,0.25,98.0,0.25,100864,256,60,2,n397-2
98.25,0.25,98.25,0.25,101120,256,50,2,n398-2
98.5,0.5,98.5,0.5,101376,512,62,1,n394-2
99.0,1.0,99.0,1.0,101888,1024,32,6,n403-2
99.0,1.0,99.0,1.0,101888,1024,48,6,n404-2
99.0,0.5,99.0,0.5,101888,512,63,1,n395-2
99.0,0.25,99.0,0.25,101888,256,63,2,n399-2
99.25,0.25,99.25,0.25,102144,256,50,2,n400-2
99.5,0.5,99.5,0.5,102400,512,65,1,n396-2
100.0,2.0,100.0,2.0,102912,2048,31,5,n414-2
100.0,2.0,100.0,2.0,102912,2048,47,5,n415-2
100.0,3.0,100.0,3.0,102912,3072,67,1,n405-2
100.0,0.25,100.0,0.25,102912,256,67,2,n406-2
100.0,0.5,100.0,0.5,102912,512,67,3,n410-2
100.25,0.25,100.25,0.25,103168,256,50,2,n407-2
100.5,0.5,100.5,0.5,103424,512,65,3,n411-2
101.0,0.25,101.0,0.25,103936,256,63,2,n408-2
101.0,0.5,101.0,0.5,103936,512,63,3,n412-2
101.25,0.25,101.25,0.25,104192,256,50,2,n409-2
101.5,0.5,101.5,0.5,104448,512,62,3,n413-2
102.0,1.0,102.0,1.0,104960,1024,31,7,n423-2
102.0,1.0,102.0,1.0,104960,1024,47,7,n424-2
102.0,0.5,102.0,0.5,104960,512,60,6,n419-2
102.5,0.5,102.5,0.5,105472,512,59,6,n420-2
103.0,0.5,103.0,0.5,105984,512,57,6,n421-2
103.0,0.25,103.0,0.25,105984,256,57,7,n425-2
103.0,0.5,103.0,0.5,105984,512,69,1,n417-2
103.25,0.25,103.25,0.25,106240,256,50,7,n426-2
103.5,0.5,103.5,0.5,106496,512,55,6,n422-2
103.5,0.5,103.5,0.5,106496,512,71,1,n418-2
104.0,0.25,104.0,0.25,107008,256,48,7,n435-2
104.0,0.5,104.0,0.5,107008,512,48,6,n431-2
104.0,2.0,104.0,2.0,107008,2048,63,4,n430-2
104.0,0.0,104.0,0.0,107008,0,63,4,n429-2
104.0,2.5,104.0,2.5,107008,2560,75,1,n428-2
104.25,0.25,104.25,0.25,107264,256,36,7,n436-2
104.5,0.5,104.5,0.5,107520,512,50,6,n432-2
105.0,0.25,105.0,0.25,108032,256,51,7,n438-2
105.0,0.5,105.0,0.5,108032,512,51,6,n433-2
105.25,0.25,105.25,0.25,108288,256,48,7,n439-2
105.5,0.5,105.5,0.5,108544,512,53,6,n434-2
106.0,0.25,106.0,0.25,109056,256,55,7,n454-2
106.0,0.5,106.0,0.5,109056,512,55,6,n449-2
106.0,0.5,106.0,0.5,109056,512,63,3,n448-2
106.25,0.25,106.25,0.25,109312,256,48,7,n455-2
106.5,0.5,106.5,0.5,109568,512,57,6,n450-2
106.5,0.6669922,106.5,0.6669922,109568,683,74,1,n442-2
107.0,0.3330078,107.0,0.3330078,110080,341,59,6,n451-2
107.200195,0.20019531,107.200195,0.20019531,110285,205,72,2,n444-2
107.33301,0.33398438,107.33301,0.33398438,110421,342,60,6,n452-2
107.40039,0.20019531,107.40039,0.20019531,110490,205,70,2,n445-2
107.600586,0.19921875,107.600586,0.19921875,110695,204,69,2,n446-2
107.66699,0.3330078,107.66699,0.3330078,110763,341,62,6,n453-2
107.799805,0.20019531,107.799805,0.20019531,110899,205,67,2,n447-2
108.0,2.0,108.0,2.0,111104,2048,41,5,n467-2
108.0,2.0,108.0,2.0,111104,2048,57,5,n468-2
108.0,0.5,108.0,0.5,111104,512,63,3,n463-2
108.0,0.25,108.0,0.25,111104,256,63,2,n459-2
108.0,3.2001953,108.0,3.2001953,111104,3277,65,1,n458-2
108.25,0.25,108.25,0.25,111360,256,53,2,n460-2
108.5,0.5,108.5,0.5,111616,512,62,3,n464-2
109.0,0.25,109.0,0.25,112128,256,60,2,n461-2
109.0,0.5,109.0,0.5,112128,512,60,3,n465-2
109.25,0.25,109.25,0.25,112384,256,53,2,n462-2
109.5,0.5,109.5,0.5,112640,512,58,3,n466-2
110.0,2.0,110.0,2.0,113152,2048,41,7,n482-2
110.0,0.25,110.0,0.25,113152,256,57,6,n475-2
110.25,0.25,110.25,0.25,113408,256,53,6,n476-2
111.0,0.25,111.0,0.25,114176,256,53,6,n478-2
111.200195,0.20019531,111.200195,0.20019531,114381,205,67,1,n471-2
111.25,0.25,111.25,0.25,114432,256,51,6,n479-2
111.40039,0.19921875,111.40039,0.19921875,114586,204,69,1,n472-2
111.5,0.25,111.5,0.25,114688,256,50,6,n480-2
111.59961,0.20019531,111.59961,0.20019531,114790,205,70,1,n473-2
111.75,0.25,111.75,0.25,114944,256,48,6,n481-2
111.799805,0.20019531,111.799805,0.20019531,114995,205,72,1,n474-2
112.0,1.0,112.0,1.0,115200,1024,34,5,n492-2
112.0,1.0,112.0,1.0,115200,1024,46,5,n493-2
112.0,0.25,112.0,0.25,115200,256,74,2,n486-2
112.0,0.5,112.0,0.5,115200,512,74,1,n483-2
112.25,0.25,112.25,0.25,115456,256,62,2,n487-2
112.5,0.5,112.5,0.5,115712,512,72,1,n484-2
113.0,0.5,113.0,0.5,116224,512,70,4,n490-2
113.0,0.25,113.0,0.25,116224,256,70,2,n488-2
113.0,1.5,113.0,1.5,116224,1536,79,1,n485-2
113.25,0.25,113.25,0.25,116480,256,58,2,n489-2
113.5,0.5,113.5,0.5,116736,512,69,4,n491-2
114.0,0.5,114.0,0.5,117248,512,67,3,n504-2
114.0,0.25,114.0,0.25,117248,256,67,2,n501-2
114.25,1.75,114.25,1.75,117504,1792,58,2,n502-2
114.5,0.5,114.5,0.5,117760,512,65,3,n505-2
114.5,0.5,114.5,0.5,117760,512,77,1,n495-2
115.0,0.5,115.0,0.5,118272,512,64,3,n506-2
115.0,0.5,115.0,0.5,118272,512,76,1,n496-2
115.5,0.25,115.5,0.25,118784,256,62,3,n507-2
115.5,0.25,115.5,0.25,118784,256,74,1,n499-2
115.5,0.0,115.5,0.0,118784,0,76,1,n498-2
115.5,0.0,115.5,0.0,118784,0,77,1,n497-2
115.75,0.25,115.75,0.25,119040,256,60,3,n508-2
115.75,0.25,115.75,0.25,119040,256,72,1,n500-2
116.0,1.0,116.0,1.0,119296,1024,45,5,n518-2
116.0,0.5,116.0,0.5,119296,512,72,1,n509-2
116.0,0.25,116.0,0.25,119296,256,72,2,n512-2
116.25,0.25,116.25,0.25,119552,256,60,2,n513-2
116.5,0.5,116.5,0.5,119808,512,70,1,n510-2
117.0,0.25,117.0,0.25,120320,256,69,2,n514-2
117.0,0.5,117.0,0.5,120320,512,69,4,n516-2
117.0,1.5,117.0,1.5,120320,1536,77,1,n511-2
117.25,0.25,117.25,0.25,120576,256,57,2,n515-2
117.5,0.5,117.5,0.5,120832,512,67,4,n517-2
118.0,0.25,118.0,0.25,121344,256,65,2,n528-2
118.0,0.5,118.0,0.5,121344,512,65,3,n533-2
118.25,0.75,118.25,0.75,121600,768,57,2,n529-2
118.5,0.5,118.5,0.5,121856,512,64,3,n534-2
118.5,0.5,118.5,0.5,121856,512,76,1,n520-2
119.0,1.0,119.0,1.0,122368,1024,47,4,n536-2
119.0,1.0,119.0,1.0,122368,1024,56,4,n537-2
119.0,0.5,119.0,0.5,122368,512,62,2,n530-2
119.0,0.5,119.0,0.5,122368,512,74,1,n521-2
119.5,0.25,119.5,0.25,122880,256,64,2,n531-2
119.5,0.0,119.5,0.0,122880,0,72,1,n524-2
119.5,0.0,119.5,0.0,122880,0,74,1,n525-2
119.5,0.0,119.5,0.0,122880,0,74,1,n523-2
119.5,0.25,119.5,0.25,122880,256,76,1,n526-2
119.5,0.0,119.5,0.0,122880,0,76,1,n522-2
119.75,0.25,119.75,0.25,123136,256,65,2,n532-2
119.75,0.25,119.75,0.25,123136,256,77,1,n527-2
120.0,2.0,120.0,2.0,123392,2048,48,5,n547-2
120.0,2.0,120.0,2.0,123392,2048,57,5,n548-2
120.0,2.0,120.0,2.0,123392,2048,60,5,n549-2
120.0,0.5,120.0,0.5,123392,512,77,1,n538-2
120.0,0.25,120.0,0.25,123392,256,77,2,n543-2
120.25,0.25,120.25,0.25,123648,256,65,2,n544-2
120.5,0.5,120.5,0.5,123904,512,76,1,n539-2
121.0,0.25,121.0,0.25,124416,256,74,2,n545-2
121.0,0.75,121.0,0.75,124416,768,74,1,n540-2
121.25,0.25,121.25,0.25,124672,256,65,2,n546-2
121.75,0.25,121.75,0.25,125184,256,72,1,n542-2
122.0,2.0,122.0,2.0,125440,2048,48,5,n559-2
122.0,2.0,122.0,2.0,125440,2048,58,5,n560-2
122.0,2.0,122.0,2.0,125440,2048,64,5,n561-2
122.0,0.25,122.0,0.25,125440,256,72,2,n555-2
122.0,0.5,122.0,0.5,125440,512,72,1,n550-2
122.25,0.25,122.25,0.25,125696,256,60,2,n556-2
122.5,0.5,122.5,0.5,125952,512,70,1,n551-2
123.0,0.25,123.0,0.25,126464,256,69,2,n557-2
123.0,0.75,123.0,0.75,126464,768,69,1,n552-2
123.25,0.25,123.25,0.25,126720,256,60,2,n558-2
123.75,0.25,123.75,0.25,127232,256,67,1,n554-2
124.0,0.5,124.0,0.5,127488,512,53,7,n567-2
124.0,2.0,124.0,2.0,127488,2048,60,6,n566-2
124.0,2.0,124.0,2.0,127488,2048,67,1,n562-2
124.25,1.0,124.25,1.0,127744,1024,58,4,n563-2
124.5,0.5,124.5,0.5,128000,512,52,7,n568-2
125.0,0.5,125.0,0.5,128512,512,50,7,n569-2
125.25,0.75,125.25,0.75,128768,768,58,4,n565-2
125.5,0.5,125.5,0.5,129024,512,48,7,n570-2
126.0,1.0,126.0,1.0,129536,1024,53,5,n579-2
126.0,2.0,126.0,2.0,129536,2048,53,6,n581-2
126.0,1.0,126.0,1.0,129536,1024,60,5,n580-2
126.0,0.5,126.0,0.5,129536,512,65,1,n571-2
126.0,0.25,126.0,0.25,129536,256,65,2,n575-2
126.25,0.75,126.25,0.75,129792,768,57,2,n576-2
126.5,0.5,126.5,0.5,130048,512,63,1,n572-2
127.0,0.5,127.0,0.5,130560,512,62,1,n573-2
127.0,0.25,127.0,0.25,130560,256,62,2,n577-2
127.25,0.75,127.25,0.75,130816,768,51,2,n578-2
127.5,0.5,127.5,0.5,131072,512,61,1,n574-2
128.0,1.0,128.0,1.0,131584,1024,53,7,n596-1
128.0,1.0,128.0,1.0,131584,1024,60,6,n594-1
128.0,1.0,128.0,1.0,131584,1024,65,1,n591-1
128.25,0.75,128.25,0.75,131840,768,57,4,n593-1
130.0,4.0,130.0,4.0,133632,4096,41,5,n606-1
130.0,4.0,130.0,4.0,133632,4096,57,5,n608-1
130.0,0.25,130.0,0.25,133632,256,65,2,n602-1
130.0,0.5,130.0,0.5,133632,512,65,1,n598-1
130.25,0.25,130.25,0.25,133888,256,63,2,n603-1
130.5,0.5,130.5,0.5,134144,512,67,1,n599-1
131.0,0.25,131.0,0.25,134656,256,69,2,n604-1
131.0,0.5,131.0,0.5,134656,512,69,1,n600-1
131.25,0.25,131.25,0.25,134912,256,63,2,n605-1
131.5,0.5,131.5,0.5,135168,512,70,1,n601-1
132.0,0.25,132.0,0.25,135680,256,72,2,n613-1
132.0,0.5,132.0,0.5,135680,512,72,1,n609-1
132.25,0.25,132.25,0.25,135936,256,63,2,n614-1
132.5,0.5,132.5,0.5,136192,512,74,1,n610-1
133.0,0.5,133.0,0.5,136704,512,75,1,n611-1
133.0,0.25,133.0,0.25,136704,256,75,2,n615-1
133.25,0.25,133.25,0.25,136960,256,63,2,n616-1
133.5,0.5,133.5,0.5,137216,512,77,1,n612-1
134.0,2.0,134.0,2.0,137728,2048,39,6,n628-1
134.0,2.0,134.0,2.0,137728,2048,58,5,n627-1
134.0,0.5,134.0,0.5,137728,512,78,1,n619-1
134.0,0.25,134.0,0.25,137728,256,78,2,n623-1
134.25,0.25,134.25,0.25,137984,256,63,2,n624-1
134.5,0.5,134.5,0.5,138240,512,77,1,n620-1
135.0,0.5,135.0,0.5,138752,512,75,1,n621-1
135.0,0.25,135.0,0.25,138752,256,75,2,n625-1
135.25,0.25,135.25,0.25,139008,256,63,2,n626-1
135.5,0.5,135.5,0.5,139264,512,73,1,n622-1
136.0,2.0,136.0,2.0,139776,2048,39,5,n638-1
136.0,2.0,136.0,2.0,139776,2048,48,5,n639-1
136.0,0.25,136.0,0.25,139776,256,72,2,n634-1
136.0,0.5,136.0,0.5,139776,512,72,1,n630-1
136.25,0.25,136.25,0.25,140032,256,63,2,n635-1
136.5,0.5,136.5,0.5,140288,512,70,1,n631-1
137.0,0.25,137.0,0.25,140800,256,69,2,n636-1
137.0,0.5,137.0,0.5,140800,512,69,1,n632-1
137.25,0.25,137.25,0.25,141056,256,63,2,n637-1
137.5,0.5,137.5,0.5,141312,512,70,1,n633-1
138.0,2.0,138.0,2.0,141824,2048,41,4,n649-1
138.0,2.0,138.0,2.0,141824,2048,48,4,n650-1
138.0,0.5,138.0,0.5,141824,512,65,1,n640-1
138.0,0.25,138.0,0.25,141824,256,65,2,n644-1
138.0,0.5,138.0,0.5,141824,512,69,3,n648-1
138.25,0.25,138.25,0.25,142080,256,63,2,n645-1
138.5,0.5,138.5,0.5,142336,512,67,1,n641-1
139.0,0.25,139.0,0.25,142848,256,69,2,n646-1
139.0,0.5,139.0,0.5,142848,512,69,1,n642-1
139.25,0.25,139.25,0.25,143104,256,63,2,n647-1
139.5,0.5,139.5,0.5,143360,512,70,1,n643-1
140.0,0.5,140.0,0.5,143872,512,41,5,n659-1
140.0,0.5,140.0,0.5,143872,512,48,5,n660-1
140.0,0.25,140.0,0.25,143872,256,72,2,n655-1
140.0,0.5,140.0,0.5,143872,512,72,1,n651-1
140.25,0.25,140.25,0.25,144128,256,63,2,n656-1
140.5,0.5,140.5,0.5,144384,512,73,1,n652-1
141.0,0.5,141.0,0.5,144896,512,75,1,n653-1
141.0,0.25,141.0,0.25,144896,256,75,2,n657-1
141.25,0.25,141.25,0.25,145152,256,63,2,n658-1
141.5,0.5,141.5,0.5,145408,512,77,1,n654-1
142.0,2.0,142.0,2.0,145920,2048,39,5,n673-1
142.0,2.0,142.0,2.0,145920,2048,58,4,n672-1
142.0,0.5,142.0,0.5,145920,512,78,1,n663-1
142.0,0.25,142.0,0.25,145920,256,78,2,n668-1
142.25,0.25,142.25,0.25,146176,256,63,2,n669-1
142.5,0.5,142.5,0.5,146432,512,77,1,n664-1
143.0,0.75,143.0,0.75,146944,768,75,1,n665-1
143.0,0.25,143.0,0.25,146944,256,75,2,n670-1
143.25,0.25,143.25,0.25,147200,256,63,2,n671-1
143.75,0.25,143.75,0.25,147712,256,73,1,n667-1
144.0,2.0,144.0,2.0,147968,2048,42,5,n685-1
144.0,0.25,144.0,0.25,147968,256,73,2,n680-1
144.0,0.5,144.0,0.5,147968,512,73,1,n675-1
144.25,0.25,144.25,0.25,148224,256,63,2,n681-1
144.5,0.5,144.5,0.5,148480,512,72,1,n676-1
145.0,0.25,145.0,0.25,148992,256,70,2,n682-1
145.0,0.75,145.0,0.75,148992,768,70,1,n677-1
145.25,0.25,145.25,0.25,149248,256,60,2,n683-1
145.5,0.5,145.5,0.5,149504,512,44,4,n684-1
145.75,0.25,145.75,0.25,149760,256,68,1,n679-1
146.0,1.0,146.0,1.0,150016,1024,41,6,n694-1
146.0,0.5,146.0,0.5,150016,512,49,5,n690-1
146.0,3.0,146.0,3.0,150016,3072,73,1,n686-1
146.25,1.0,146.25,1.0,150272,1024,61,4,n687-1
146.5,0.5,146.5,0.5,150528,512,51,5,n691-1
147.0,0.5,147.0,0.5,151040,512,53,5,n692-1
147.0,1.0,147.0,1.0,151040,1024,53,6,n695-1
147.25,0.75,147.25,0.75,151296,768,61,4,n689-1
147.5,0.5,147.5,0.5,151552,512,54,5,n693-1
148.0,4.0,148.0,4.0,152064,4096,53,5,n705-1
148.0,0.5,148.0,0.5,152064,512,56,4,n701-1
148.0,0.25,148.0,0.25,152064,256,61,2,n697-1
148.25,1.0,148.25,1.0,152320,1024,61,2,n698-1
148.5,0.5,148.5,0.5,152576,512,58,4,n702-1
149.0,0.5,149.0,0.5,153088,512,60,4,n703-1
149.25,1.0,149.25,1.0,153344,1024,61,2,n700-1
149.5,0.5,149.5,0.5,153600,512,61,4,n704-1
150.0,0.5,150.0,0.5,154112,512,62,4,n710-1
150.25,1.0,150.25,1.0,154368,1024,61,2,n707-1
150.5,0.5,150.5,0.5,154624,512,59,4,n711-1
151.0,0.5,151.0,0.5,155136,512,56,4,n712-1
151.25,0.75,151.25,0.75,155392,768,61,2,n709-1
151.5,0.5,151.5,0.5,155648,512,53,4,n713-1
152.0,0.5,152.0,0.5,156160,512,49,5,n721-1
152.0,2.0,152.0,2.0,156160,2048,49,4,n720-1
152.25,1.0,152.25,1.0,156416,1024,61,2,n717-1
152.5,0.5,152.5,0.5,156672,512,47,5,n722-1
153.0,0.5,153.0,0.5,157184,512,44,5,n723-1
153.25,0.75,153.25,0.75,157440,768,61,2,n719-1
153.5,0.5,153.5,0.5,157696,512,41,5,n724-1
153.75,0.5,153.75,0.5,157952,512,61,1,n715-1
154.0,3.75,154.0,3.75,158208,3840,42,5,n734-1
154.0,2.0,154.0,2.0,158208,2048,50,4,n733-1
154.0,0.25,154.0,0.25,158208,256,61,2,n729-1
154.0,0.5,154.0,0.5,158208,512,61,1,n725-1
154.25,0.25,154.25,0.25,158464,256,58,2,n730-1
154.5,0.5,154.5,0.5,158720,512,63,1,n726-1
155.0,0.25,155.0,0.25,159232,256,65,2,n731-1
155.0,0.5,155.0,0.5,159232,512,65,1,n727-1
155.25,0.25,155.25,0.25,159488,256,58,2,n732-1
155.5,0.5,155.5,0.5,159744,512,66,1,n728-1
156.0,1.75,156.0,1.75,160256,1792,49,4,n743-1
156.0,0.25,156.0,0.25,160256,256,68,2,n739-1
156.0,0.5,156.0,0.5,160256,512,68,1,n735-1
156.25,0.25,156.25,0.25,160512,256,58,2,n740-1
156.5,0.5,156.5,0.5,160768,512,70,1,n736-1
157.0,0.5,157.0,0.5,161280,512,71,1,n737-1
157.0,0.25,157.0,0.25,161280,256,71,2,n741-1
157.25,0.25,157.25,0.25,161536,256,58,2,n742-1
157.5,0.5,157.5,0.5,161792,512,73,1,n738-1
157.75,0.25,157.75,0.25,162048,256,42,4,n744-1
157.75,0.25,157.75,0.25,162048,256,49,4,n745-1
158.0,4.0,158.0,4.0,162304,4096,43,5,n756-1
158.0,2.0,158.0,2.0,162304,2048,50,6,n757-1
158.0,0.5,158.0,0.5,162304,512,74,1,n747-1
158.0,0.25,158.0,0.25,162304,256,74,2,n751-1
158.25,0.25,158.25,0.25,162560,256,59,2,n752-1
158.5,0.5,158.5,0.5,162816,512,71,1,n748-1
159.0,2.5,159.0,2.5,163328,2560,62,4,n755-1
159.0,0.25,159.0,0.25,163328,256,68,2,n753-1
159.0,0.5,159.0,0.5,163328,512,68,1,n749-1
159.25,0.25,159.25,0.25,163584,256,59,2,n754-1
159.5,0.5,159.5,0.5,163840,512,65,1,n750-1
160.0,1.5,160.0,1.5,164352,1536,51,6,n769-1
160.0,0.5,160.0,0.5,164352,512,62,1,n759-1
160.0,0.25,160.0,0.25,164352,256,62,2,n761-1
160.25,0.25,160.25,0.25,164608,256,56,2,n762-1
160.5,0.5,160.5,0.5,164864,512,59,1,n760-1
161.0,0.25,161.0,0.25,165376,256,56,2,n763-1
161.25,0.25,161.25,0.25,165632,256,53,2,n764-1
161.5,0.25,161.5,0.25,165888,256,50,4,n766-1
161.5,0.25,161.5,0.25,165888,256,50,6,n770-1
161.75,0.25,161.75,0.25,166144,256,47,6,n771-1
161.75,0.25,161.75,0.25,166144,256,47,4,n767-1
162.0,2.0,162.0,2.0,166400,2048,42,5,n781-1
162.0,2.0,162.0,2.0,166400,2048,49,4,n780-1
162.0,0.5,162.0,0.5,166400,512,61,1,n772-1
162.0,0.25,162.0,0.25,166400,256,61,2,n776-1
162.25,0.25,162.25,0.25,166656,256,58,2,n777-1
162.5,0.5,162.5,0.5,166912,512,63,1,n773-1
163.0,0.5,163.0,0.5,167424,512,65,1,n774-1
163.0,0.25,163.0,0.25,167424,256,65,2,n778-1
163.25,0.25,163.25,0.25,167680,256,58,2,n779-1
163.5,0.5,163.5,0.5,167936,512,66,1,n775-1
164.0,2.0,164.0,2.0,168448,2048,43,6,n792-1
164.0,1.75,164.0,1.75,168448,1792,49,5,n790-1
164.0,0.5,164.0,0.5,168448,512,68,1,n782-1
164.0,0.25,164.0,0.25,168448,256,68,2,n786-1
164.25,0.25,164.25,0.25,168704,256,58,2,n787-1
164.5,0.5,164.5,0.5,168960,512,70,1,n783-1
165.0,0.5,165.0,0.5,169472,512,71,1,n784-1
165.0,0.25,165.0,0.25,169472,256,71,2,n788-1
165.25,0.25,165.25,0.25,169728,256,58,2,n789-1
165.5,0.5,165.5,0.5,169984,512,72,1,n785-1
165.75,0.25,165.75,0.25,170240,256,49,5,n791-1
166.0,2.0,166.0,2.0,170496,2048,36,6,n804-1
166.0,3.0,166.0,3.0,170496,3072,52,5,n801-1
166.0,0.5,166.0,0.5,170496,512,73,1,n793-1
166.0,0.25,166.0,0.25,170496,256,73,2,n797-1
166.25,0.25,166.25,0.25,170752,256,58,2,n798-1
166.5,0.5,166.5,0.5,171008,512,70,1,n794-1
167.0,1.0,167.0,1.0,171520,1024,61,5,n803-1
167.0,0.25,167.0,0.25,171520,256,67,2,n799-1
167.0,0.5,167.0,0.5,171520,512,67,1,n795-1
167.25,0.25,167.25,0.25,171776,256,58,2,n800-1
167.5,0.5,167.5,0.5,172032,512,64,1,n796-1
168.0,1.0,168.0,1.0,172544,1024,36,7,n817-1
168.0,0.0,168.0,0.0,172544,0,58,4,n808-1
168.0,0.25,168.0,0.25,172544,256,61,4,n809-1
168.0,0.5,168.0,0.5,172544,512,61,1,n805-1
168.25,0.25,168.25,0.25,172800,256,55,4,n810-1
168.5,0.5,168.5,0.5,173056,512,58,1,n806-1
169.0,1.0,169.0,1.0,173568,1024,41,7,n818-1
169.0,1.0,169.0,1.0,173568,1024,57,1,n807-1
169.0,0.3330078,169.0,0.3330078,173568,341,57,4,n811-1
169.33301,1.1669922,169.33301,1.1669922,173909,1195,53,6,n816-1
169.33301,0.22265625,169.33301,0.22265625,173909,228,53,4,n812-1
169.55566,0.22167969,169.55566,0.22167969,174137,227,51,4,n813-1
170.0,3.0,170.0,3.0,174592,3072,34,7,n825-1
170.0,3.0,170.0,3.0,174592,3072,46,7,n826-1
170.0,1.0,170.0,1.0,174592,1024,58,1,n819-1
170.5,0.5,170.5,0.5,175104,512,55,6,n822-1
171.0,0.5,171.0,0.5,175616,512,57,6,n823-1
171.5,0.5,171.5,0.5,176128,512,58,6,n824-1
172.0,0.5,172.0,0.5,176640,512,60,6,n832-1
172.5,0.5,172.5,0.5,177152,512,62,6,n833-1
173.0,1.0,173.0,1.0,177664,1024,32,7,n837-1
173.0,1.0,173.0,1.0,177664,1024,48,7,n838-1
173.0,0.5,173.0,0.5,177664,512,63,1,n828-1
173.0,0.25,173.0,0.25,177664,256,63,4,n830-1
173.25,0.25,173.25,0.25,177920,256,50,4,n831-1
173.5,0.5,173.5,0.5,178176,512,65,1,n829-1
174.0,2.0,174.0,2.0,178688,2048,31,5,n848-1
174.0,2.0,174.0,2.0,178688,2048,47,5,n849-1
174.0,0.25,174.0,0.25,178688,256,67,2,n840-1
174.0,2.0,174.0,2.0,178688,2048,67,1,n839-1
174.0,0.5,174.0,0.5,178688,512,67,3,n844-1
174.25,0.25,174.25,0.25,178944,256,50,2,n841-1
174.5,0.5,174.5,0.5,179200,512,65,3,n845-1
175.0,0.25,175.0,0.25,179712,256,63,2,n842-1
175.0,0.5,175.0,0.5,179712,512,63,3,n846-1
175.25,0.25,175.25,0.25,179968,256,50,2,n843-1
175.5,0.5,175.5,0.5,180224,512,62,3,n847-1
176.0,1.0,176.0,1.0,180736,1024,31,7,n857-1
176.0,1.0,176.0,1.0,180736,1024,46,7,n858-1
176.0,0.5,176.0,0.5,180736,512,60,6,n853-1
176.0,1.0,176.0,1.0,180736,1024,67,1,n850-1
176.5,0.5,176.5,0.5,181248,512,59,6,n854-1
177.0,0.5,177.0,0.5,181760,512,57,6,n855-1
177.0,0.25,177.0,0.25,181760,256,57,7,n859-1
177.0,0.5,177.0,0.5,181760,512,69,1,n851-1
177.25,0.25,177.25,0.25,182016,256,50,7,n860-1
177.5,0.5,177.5,0.5,182272,512,55,6,n856-1
177.5,0.5,177.5,0.5,182272,512,71,1,n852-1
178.0,0.5,178.0,0.5,182784,512,48,6,n865-1
178.0,0.25,178.0,0.25,182784,256,48,7,n869-1
178.0,2.0,178.0,2.0,182784,2048,63,4,n863-1
178.0,2.5,178.0,2.5,182784,2560,75,1,n862-1
178.25,0.25,178.25,0.25,183040,256,36,7,n870-1
178.5,0.5,178.5,0.5,183296,512,50,6,n866-1
179.0,0.25,179.0,0.25,183808,256,51,7,n872-1
179.0,0.5,179.0,0.5,183808,512,51,6,n867-1
179.25,0.25,179.25,0.25,184064,256,48,7,n873-1
179.5,0.5,179.5,0.5,184320,512,53,6,n868-1
180.0,0.5,180.0,0.5,184832,512,55,5,n883-1
180.0,0.25,180.0,0.25,184832,256,55,6,n888-1
180.0,1.0,180.0,1.0,184832,1024,63,2,n882-1
180.25,0.25,180.25,0.25,185088,256,48,6,n889-1
180.5,0.5,180.5,0.5,185344,512,57,5,n884-1
180.5,0.7001953,180.5,0.7001953,185344,717,74,1,n876-1
181.0,0.3330078,181.0,0.3330078,185856,341,59,5,n885-1
181.2002,0.20019531,181.2002,0.20019531,186061,205,72,1,n878-1
181.33301,0.33398438,181.33301,0.33398438,186197,342,60,5,n886-1
181.40039,0.19921875,181.40039,0.19921875,186266,204,70,1,n879-1
181.59961,0.20019531,181.59961,0.20019531,186470,205,69,1,n880-1
181.66699,0.3330078,181.66699,0.3330078,186539,341,62,5,n887-1
181.7998,0.20019531,181.7998,0.20019531,186675,205,67,1,n881-1
182.0,2.0,182.0,2.0,186880,2048,41,5,n901-1
182.0,2.0,182.0,2.0,186880,2048,53,5,n902-1
182.0,0.25,182.0,0.25,186880,256,63,2,n893-1
182.0,0.5,182.0,0.5,186880,512,63,3,n897-1
182.0,3.2001953,182.0,3.2001953,186880,3277,65,1,n892-1
182.25,0.25,182.25,0.25,187136,256,53,2,n894-1
182.5,0.5,182.5,0.5,187392,512,62,3,n898-1
183.0,0.5,183.0,0.5,187904,512,60,3,n899-1
183.0,0.25,183.0,0.25,187904,256,60,2,n895-1
183.25,0.25,183.25,0.25,188160,256,53,2,n896-1
183.5,0.5,183.5,0.5,188416,512,58,3,n900-1
184.0,2.0,184.0,2.0,188928,2048,41,7,n916-1
184.0,0.25,184.0,0.25,188928,256,57,6,n909-1
184.25,0.25,184.25,0.25,189184,256,53,6,n910-1
185.0,0.25,185.0,0.25,189952,256,53,6,n912-1
185.2002,0.20019531,185.2002,0.20019531,190157,205,67,1,n905-1
185.25,0.25,185.25,0.25,190208,256,51,6,n913-1
185.40039,0.19921875,185.40039,0.19921875,190362,204,69,1,n906-1
185.5,0.25,185.5,0.25,190464,256,50,6,n914-1
185.59961,0.20019531,185.59961,0.20019531,190566,205,70,1,n907-1
185.75,0.25,185.75,0.25,190720,256,48,6,n915-1
185.7998,0.20019531,185.7998,0.20019531,190771,205,72,1,n908-1
186.0,1.0,186.0,1.0,190976,1024,34,4,n1018-1
186.0,1.0,186.0,1.0,190976,1024,46,4,n1019-1
186.0,0.25,186.0,0.25,190976,256,74,2,n1014-1
186.0,0.5,186.0,0.5,190976,512,74,1,n1010-1
186.25,0.25,186.25,0.25,191232,256,62,2,n1015-1
186.5,0.5,186.5,0.5,191488,512,72,1,n1011-1
187.0,1.25,187.0,1.25,192000,1280,66,4,n1020-1
187.0,0.25,187.0,0.25,192000,256,70,2,n1016-1
187.0,0.5,187.0,0.5,192000,512,70,1,n1012-1
187.25,0.25,187.25,0.25,192256,256,62,2,n1017-1
187.5,0.5,187.5,0.5,192512,512,69,1,n1013-1
188.0,0.25,188.0,0.25,193024,256,79,2,n1025-1
188.0,0.5,188.0,0.5,193024,512,79,1,n1021-1
188.25,0.25,188.25,0.25,193280,256,67,2,n1026-1
188.25,0.75,188.25,0.75,193280,768,67,4,n1030-1
188.5,0.5,188.5,0.5,193536,512,77,1,n1022-1
189.0,0.5,189.0,0.5,194048,512,69,4,n1031-1
189.0,0.25,189.0,0.25,194048,256,75,2,n1027-1
189.0,0.5,189.0,0.5,194048,512,75,1,n1023-1
189.25,0.25,189.25,0.25,194304,256,65,2,n1028-1
189.5,0.5,189.5,0.5,194560,512,70,4,n1032-1
189.5,0.5,189.5,0.5,194560,512,74,1,n1024-1
190.0,1.0,190.0,1.0,195072,1024,46,4,n1041-1
190.0,0.5,190.0,0.5,195072,512,72,1,n1033-1
190.0,0.25,190.0,0.25,195072,256,72,2,n1037-1
190.25,0.25,190.25,0.25,195328,256,60,2,n1038-1
190.5,0.5,190.5,0.5,195584,512,70,1,n1034-1
191.0,1.25,191.0,1.25,196096,1280,63,4,n1042-1
191.0,0.5,191.0,0.5,196096,512,68,1,n1035-1
191.0,0.25,191.0,0.25,196096,256,68,2,n1039-1
191.25,0.25,191.25,0.25,196352,256,60,2,n1040-1
191.5,0.5,191.5,0.5,196608,512,67,1,n1036-1
192.0,0.5,192.0,0.5,197120,512,77,1,n1043-1
192.0,0.25,192.0,0.25,197120,256,77,2,n1047-1
192.25,0.75,192.25,0.75,197376,768,65,4,n1052-1
192.25,0.25,192.25,0.25,197376,256,65,2,n1048-1
192.5,0.5,192.5,0.5,197632,512,75,1,n1044-1
193.0,0.5,193.0,0.5,198144,512,67,4,n1053-1
193.0,0.5,193.0,0.5,198144,512,74,1,n1045-1
193.0,0.25,193.0,0.25,198144,256,74,2,n1049-1
193.25,0.25,193.25,0.25,198400,256,63,2,n1050-1
193.5,0.5,193.5,0.5,198656,512,68,4,n1054-1
193.5,0.5,193.5,0.5,198656,512,72,1,n1046-1
194.0,3.0,194.0,3.0,199168,3072,46,4,n1063-1
194.0,0.5,194.0,0.5,199168,512,70,1,n1055-1
194.0,0.25,194.0,0.25,199168,256,70,2,n1059-1
194.25,0.25,194.25,0.25,199424,256,62,2,n1060-1
194.5,0.5,194.5,0.5,199680,512,68,1,n1056-1
195.0,0.5,195.0,0.5,200192,512,67,1,n1057-1
195.0,0.25,195.0,0.25,200192,256,67,2,n1061-1
195.25,0.25,195.25,0.25,200448,256,56,2,n1062-1
195.5,0.5,195.5,0.5,200704,512,34,5,n1064-1
195.5,0.5,195.5,0.5,200704,512,66,1,n1058-1
196.0,1.0,196.0,1.0,201216,1024,39,5,n1075-1
196.0,0.5,196.0,0.5,201216,512,67,1,n1065-1
196.0,0.25,196.0,0.25,201216,256,67,2,n1069-1
196.25,0.25,196.25,0.25,201472,256,55,2,n1070-1
196.5,0.5,196.5,0.5,201728,512,63,1,n1066-1
197.0,1.0,197.0,1.0,202240,1024,33,5,n1076-1
197.0,2.5,197.0,2.5,202240,2560,45,4,n1074-1
197.0,0.25,197.0,0.25,202240,256,62,2,n1071-1
197.0,0.5,197.0,0.5,202240,512,62,1,n1067-1
197.25,0.25,197.25,0.25,202496,256,55,2,n1072-1
197.5,0.5,197.5,0.5,202752,512,61,1,n1068-1
198.0,2.0,198.0,2.0,203264,2048,38,5,n1083-1
198.0,2.0,198.0,2.0,203264,2048,62,1,n1077-1
198.0,0.3330078,198.0,0.3330078,203264,341,62,2,n1078-1
198.33301,0.22265625,198.33301,0.22265625,203605,228,57,2,n1079-1
198.55566,0.22167969,198.55566,0.22167969,203833,227,55,2,n1080-1
199.0,0.5,199.0,0.5,204288,512,54,6,n1084-1
199.5,0.5,199.5,0.5,204800,512,46,4,n1082-1
199.5,0.5,199.5,0.5,204800,512,52,6,n1085-1
199.5,0.5,199.5,0.5,204800,512,55,6,n1086-1
200.0,1.0,200.0,1.0,205312,1024,38,6,n1092-1
200.0,1.0,200.0,1.0,205312,1024,45,7,n1096-1
200.0,1.0,200.0,1.0,205312,1024,54,5,n1089-1
200.0,1.0,200.0,1.0,205312,1024,57,5,n1090-1
200.0,1.0,200.0,1.0,205312,1024,62,1,n1087-1
201.5,0.5,201.5,0.5,206848,512,38,6,n1095-1
201.5,0.5,201.5,0.5,206848,512,50,5,n1091-1
202.0,2.0,202.0,2.0,207360,2048,31,6,n1107-1
202.0,2.0,202.0,2.0,207360,2048,43,6,n1108-1
202.0,0.16699219,202.0,0.16699219,207360,171,55,5,n1099-1
202.16699,0.16601562,202.16699,0.16601562,207531,170,50,5,n1100-1
202.33301,0.16699219,202.33301,0.16699219,207701,171,57,5,n1101-1
202.5,0.5,202.5,0.5,207872,512,58,5,n1102-1
203.0,0.16699219,203.0,0.16699219,208384,171,57,5,n1103-1
203.16699,0.16601562,203.16699,0.16601562,208555,170,50,5,n1104-1
203.33301,0.16699219,203.33301,0.16699219,208725,171,58,5,n1105-1
203.5,0.5,203.5,0.5,208896,512,60,5,n1106-1
204.0,1.0,204.0,1.0,209408,1024,31,5,n1118-1
204.0,1.0,204.0,1.0,209408,1024,43,5,n1119-1
204.0,0.16699219,204.0,0.16699219,209408,171,58,4,n1110-1
204.16699,0.11035156,204.16699,0.11035156,209579,113,50,4,n1111-1
204.27734,0.111328125,204.27734,0.111328125,209692,114,60,4,n1112-1
204.38867,0.111328125,204.38867,0.111328125,209806,114,62,4,n1113-1
204.5,0.16699219,204.5,0.16699219,209920,171,55,4,n1114-1
204.66699,0.11035156,204.66699,0.11035156,210091,113,50,4,n1115-1
204.77734,0.111328125,204.77734,0.111328125,210204,114,57,4,n1116-1
204.88867,0.111328125,204.88867,0.111328125,210318,114,58,4,n1117-1
205.5,0.5,205.5,0.5,210944,512,34,5,n1120-1
205.5,0.5,205.5,0.5,210944,512,46,5,n1121-1
206.0,0.5,206.0,0.5,211456,512,36,5,n1131-1
206.0,0.5,206.0,0.5,211456,512,48,5,n1132-1
206.0,0.16699219,206.0,0.16699219,211456,171,57,4,n1123-1
206.16699,0.11035156,206.16699,0.11035156,211627,113,51,4,n1124-1
206.27734,0.111328125,206.27734,0.111328125,211740,114,58,4,n1125-1
206.38867,0.111328125,206.38867,0.111328125,211854,114,60,4,n1126-1
206.5,0.16699219,206.5,0.16699219,211968,171,54,4,n1127-1
206.66699,0.11035156,206.66699,0.11035156,212139,113,48,4,n1128-1
206.77734,0.111328125,206.77734,0.111328125,212252,114,55,4,n1129-1
206.88867,0.111328125,206.88867,0.111328125,212366,114,57,4,n1130-1
207.0,0.5,207.0,0.5,212480,512,38,5,n1133-1
207.0,0.5,207.0,0.5,212480,512,50,5,n1134-1
208.0,1.0,208.0,1.0,213504,1024,31,5,n1143-1
208.0,1.0,208.0,1.0,213504,1024,43,5,n1144-1
208.0,0.16699219,208.0,0.16699219,213504,171,55,4,n1136-1
208.16699,0.11035156,208.16699,0.11035156,213675,113,50,4,n1137-1
208.27734,0.111328125,208.27734,0.111328125,213788,114,57,4,n1138-1
208.38867,0.111328125,208.38867,0.111328125,213902,114,58,4,n1139-1
208.5,0.16699219,208.5,0.16699219,214016,171,57,4,n1140-1
208.83398,0.055664062,208.83398,0.055664062,214358,57,54,4,n1141-1
208.88965,0.11035156,208.88965,0.11035156,214415,113,50,4,n1142-1
209.5,0.5,209.5,0.5,215040,512,38,5,n1145-1
210.0,3.0,210.0,3.0,215552,3072,31,5,n1155-1
210.0,3.0,210.0,3.0,215552,3072,43,5,n1156-1
210.0,0.16699219,210.0,0.16699219,215552,171,55,4,n1147-1
210.16699,0.11035156,210.16699,0.11035156,215723,113,50,4,n1148-1
210.25,0.16699219,210.25,0.16699219,215808,171,57,4,n1151-1
210.27734,0.111328125,210.27734,0.111328125,215836,114,57,4,n1149-1
210.38867,-0.13867188,210.38867,-0.13867188,215950,-142,58,4,n1150-1
210.41699,0.11035156,210.41699,0.11035156,215979,113,50,4,n1152-1
210.52734,0.111328125,210.52734,0.111328125,216092,114,58,4,n1153-1
210.63867,0.111328125,210.63867,0.111328125,216206,114,60,4,n1154-1
212.0,0.16699219,212.0,0.16699219,217600,171,58,4,n1158-1
212.16699,0.11035156,212.16699,0.11035156,217771,113,50,4,n1159-1
212.27734,0.111328125,212.27734,0.111328125,217884,114,60,4,n1160-1
212.38867,0.111328125,212.38867,0.111328125,217998,114,62,4,n1161-1
212.5,0.16699219,212.5,0.16699219,218112,171,55,4,n1162-1
212.66699,0.11035156,212.66699,0.11035156,218283,113,50,4,n1163-1
212.77734,0.111328125,212.77734,0.111328125,218396,114,57,4,n1164-1
212.88867,0.111328125,212.88867,0.111328125,218510,114,58,4,n1165-1
213.5,0.5,213.5,0.5,219136,512,34,5,n1168-1
213.5,0.5,213.5,0.5,219136,512,46,5,n1169-1
214.0,1.0,214.0,1.0,219648,1024,36,5,n1179-1
214.0,1.0,214.0,1.0,219648,1024,48,5,n1180-1
214.0,0.16699219,214.0,0.16699219,219648,171,57,4,n1171-1
214.16699,0.11035156,214.16699,0.11035156,219819,113,51,4,n1172-1
214.27734,0.111328125,214.27734,0.111328125,219932,114,58,4,n1173-1
214.38867,0.111328125,214.38867,0.111328125,220046,114,60,4,n1174-1
214.5,0.16699219,214.5,0.16699219,220160,171,59,4,n1175-1
214.66699,0.11035156,214.66699,0.11035156,220331,113,53,4,n1176-1
214.77734,0.111328125,214.77734,0.111328125,220444,114,60,4,n1177-1
214.88867,0.111328125,214.88867,0.111328125,220558,114,62,4,n1178-1
215.0,1.0,215.0,1.0,220672,1024,38,5,n1181-1
215.0,1.0,215.0,1.0,220672,1024,50,5,n1182-1
216.0,1.0,216.0,1.0,221696,1024,39,5,n1192-1
216.0,1.0,216.0,1.0,221696,1024,51,5,n1193-1
216.0,0.16699219,216.0,0.16699219,221696,171,60,4,n1184-1
216.16699,0.11035156,216.16699,0.11035156,221867,113,55,4,n1185-1
216.27734,0.111328125,216.27734,0.111328125,221980,114,62,4,n1186-1
216.38867,0.111328125,216.38867,0.111328125,222094,114,63,4,n1187-1
216.5,0.16699219,216.5,0.16699219,222208,171,59,4,n1188-1
216.66699,0.11035156,216.66699,0.11035156,222379,113,53,4,n1189-1
216.77734,0.111328125,216.77734,0.111328125,222492,114,60,4,n1190-1
216.88867,0.111328125,216.88867,0.111328125,222606,114,62,4,n1191-1
217.5,0.5,217.5,0.5,223232,512,38,5,n1194-1
217.5,0.5,217.5,0.5,223232,512,50,5,n1195-1
218.0,1.0,218.0,1.0,223744,1024,39,4,n1204-1
218.0,1.0,218.0,1.0,223744,1024,51,4,n1205-1
218.0,0.16699219,218.0,0.16699219,223744,171,60,1,n1196-1
218.16699,0.16601562,218.16699,0.16601562,223915,170,55,1,n1197-1
218.33301,0.16699219,218.33301,0.16699219,224085,171,62,1,n1198-1
218.5,0.5,218.5,0.5,224256,512,63,1,n1199-1
219.0,1.0,219.0,1.0,224768,1024,36,4,n1206-1
219.0,1.0,219.0,1.0,224768,1024,48,4,n1207-1
219.0,0.16699219,219.0,0.16699219,224768,171,63,1,n1200-1
219.16699,0.16601562,219.16699,0.16601562,224939,170,55,1,n1201-1
219.33301,0.16699219,219.33301,0.16699219,225109,171,65,1,n1202-1
219.5,0.5,219.5,0.5,225280,512,67,1,n1203-1
220.0,1.0,220.0,1.0,225792,1024,38,4,n1214-1
220.0,1.0,220.0,1.0,225792,1024,50,4,n1215-1
220.0,0.16699219,220.0,0.16699219,225792,171,66,1,n1208-1
220.16699,0.16601562,220.16699,0.16601562,225963,170,54,1,n1209-1
220.33301,0.16699219,220.33301,0.16699219,226133,171,67,1,n1210-1
220.5,0.5,220.5,0.5,226304,512,69,1,n1211-1
221.0,0.5,221.0,0.5,226816,512,62,1,n1212-1
221.5,0.5,221.5,0.5,227328,512,50,4,n1217-1
221.5,0.5,221.5,0.5,227328,512,62,1,n1213-1
222.0,2.0,222.0,2.0,227840,2048,43,5,n1230-1
222.0,1.0,222.0,1.0,227840,1024,46,4,n1226-1
222.0,1.0,222.0,1.0,227840,1024,55,4,n1227-1
222.0,0.16699219,222.0,0.16699219,227840,171,67,1,n1218-1
222.16699,0.16601562,222.16699,0.16601562,228011,170,62,1,n1219-1
222.33301,0.16699219,222.33301,0.16699219,228181,171,69,1,n1220-1
222.5,0.5,222.5,0.5,228352,512,70,1,n1221-1
223.0,1.0,223.0,1.0,228864,1024,50,4,n1228-1
223.0,1.0,223.0,1.0,228864,1024,57,4,n1229-1
223.0,0.16699219,223.0,0.16699219,228864,171,69,1,n1222-1
223.16699,0.16601562,223.16699,0.16601562,229035,170,62,1,n1223-1
223.33301,0.16699219,223.33301,0.16699219,229205,171,70,1,n1224-1
223.5,0.5,223.5,0.5,229376,512,72,1,n1225-1
224.0,1.0,224.0,1.0,229888,1024,55,5,n1242-1
224.0,1.0,224.0,1.0,229888,1024,58,4,n1239-1
224.0,0.16699219,224.0,0.16699219,229888,171,70,1,n1231-1
224.16699,0.16601562,224.16699,0.16601562,230059,170,62,1,n1232-1
224.33301,0.16699219,224.33301,0.16699219,230229,171,72,1,n1233-1
224.5,0.5,224.5,0.5,230400,512,74,1,n1234-1
225.0,0.16699219,225.0,0.16699219,230912,171,67,1,n1235-1
225.16699,0.16601562,225.16699,0.16601562,231083,170,62,1,n1236-1
225.33301,0.16699219,225.33301,0.16699219,231253,171,69,1,n1237-1
225.5,0.5,225.5,0.5,231424,512,46,4,n1240-1
225.5,0.5,225.5,0.5,231424,512,55,4,n1241-1
225.5,0.5,225.5,0.5,231424,512,70,1,n1238-1
226.0,1.0,226.0,1.0,231936,1024,48,4,n1251-1
226.0,1.0,226.0,1.0,231936,1024,55,4,n1252-1
226.0,1.0,226.0,1.0,231936,1024,57,4,n1253-1
226.0,0.16699219,226.0,0.16699219,231936,171,69,1,n1243-1
226.16699,0.16601562,226.16699,0.16601562,232107,170,63,1,n1244-1
226.33301,0.16699219,226.33301,0.16699219,232277,171,70,1,n1245-1
226.5,0.5,226.5,0.5,232448,512,72,1,n1246-1
227.0,1.0,227.0,1.0,232960,1024,50,4,n1254-1
227.0,1.0,227.0,1.0,232960,1024,54,4,n1255-1
227.0,1.0,227.0,1.0,232960,1024,62,4,n1256-1
227.0,0.16699219,227.0,0.16699219,232960,171,66,1,n1247-1
227.16699,0.16601562,227.16699,0.16601562,233131,170,60,1,n1248-1
227.33301,0.16699219,227.33301,0.16699219,233301,171,67,1,n1249-1
227.5,0.5,227.5,0.5,233472,512,69,1,n1250-1
228.0,1.0,228.0,1.0,233984,1024,43,4,n1265-1
228.0,1.0,228.0,1.0,233984,1024,46,4,n1266-1
228.0,1.0,228.0,1.0,233984,1024,55,4,n1267-1
228.0,0.16699219,228.0,0.16699219,233984,171,67,1,n1257-1
228.16699,0.16601562,228.16699,0.16601562,234155,170,62,1,n1258-1
228.33301,0.16699219,228.33301,0.16699219,234325,171,69,1,n1259-1
228.5,0.5,228.5,0.5,234496,512,70,1,n1260-1
229.0,0.16699219,229.0,0.16699219,235008,171,69,1,n1261-1
229.41699,0.055664062,229.41699,0.055664062,235435,57,66,1,n1263-1
229.47266,0.02734375,229.47266,0.02734375,235492,28,62,1,n1264-1
229.5,0.5,229.5,0.5,235520,512,50,4,n1269-1
230.0,2.0,230.0,2.0,236032,2048,43,5,n1282-1
230.0,1.0,230.0,1.0,236032,1024,46,4,n1278-1
230.0,1.0,230.0,1.0,236032,1024,55,4,n1279-1
230.0,0.16699219,230.0,0.16699219,236032,171,67,1,n1270-1
230.16699,0.11035156,230.16699,0.11035156,236203,113,62,1,n1271-1
230.25,0.16699219,230.25,0.16699219,236288,171,69,1,n1274-1
230.27734,0.111328125,230.27734,0.111328125,236316,114,69,1,n1272-1
230.38867,-0.13867188,230.38867,-0.13867188,236430,-142,70,1,n1273-1
230.41699,0.11035156,230.41699,0.11035156,236459,113,62,1,n1275-1
230.52734,0.111328125,230.52734,0.111328125,236572,114,70,1,n1276-1
230.63867,0.111328125,230.63867,0.111328125,236686,114,72,1,n1277-1
231.0,1.0,231.0,1.0,237056,1024,50,4,n1280-1
231.0,1.0,231.0,1.0,237056,1024,57,4,n1281-1
232.0,1.0,232.0,1.0,238080,1024,55,5,n1294-1
232.0,1.0,232.0,1.0,238080,1024,58,4,n1291-1
232.0,0.16699219,232.0,0.16699219,238080,171,70,1,n1283-1
232.16699,0.11035156,232.16699,0.11035156,238251,113,62,1,n1284-1
232.27734,0.111328125,232.27734,0.111328125,238364,114,72,1,n1285-1
232.38867,0.111328125,232.38867,0.111328125,238478,114,74,1,n1286-1
232.5,0.16699219,232.5,0.16699219,238592,171,75,1,n1287-1
232.66699,0.11035156,232.66699,0.11035156,238763,113,67,1,n1288-1
232.77734,0.111328125,232.77734,0.111328125,238876,114,77,1,n1289-1
232.88867,0.111328125,232.88867,0.111328125,238990,114,79,1,n1290-1
233.5,0.5,233.5,0.5,239616,512,39,4,n1292-1
233.5,0.5,233.5,0.5,239616,512,51,4,n1293-1
234.0,1.0,234.0,1.0,240128,1024,41,4,n1303-1
234.0,1.0,234.0,1.0,240128,1024,53,4,n1304-1
234.0,0.16699219,234.0,0.16699219,240128,171,69,1,n1295-1
234.16699,0.11035156,234.16699,0.11035156,240299,113,60,1,n1296-1
234.27734,0.111328125,234.27734,0.111328125,240412,114,70,1,n1297-1
234.38867,0.111328125,234.38867,0.111328125,240526,114,72,1,n1298-1
234.5,0.16699219,234.5,0.16699219,240640,171,74,1,n1299-1
234.66699,0.11035156,234.66699,0.11035156,240811,113,65,1,n1300-1
234.77734,0.111328125,234.77734,0.111328125,240924,114,75,1,n1301-1
234.88867,0.111328125,234.88867,0.111328125,241038,114,77,1,n1302-1
235.0,1.0,235.0,1.0,241152,1024,34,4,n1305-1
235.0,1.0,235.0,1.0,241152,1024,46,4,n1306-1
236.0,1.0,236.0,1.0,242176,1024,39,4,n1315-1
236.0,1.0,236.0,1.0,242176,1024,51,4,n1316-1
236.0,0.16699219,236.0,0.16699219,242176,171,67,1,n1307-1
236.16699,0.11035156,236.16699,0.11035156,242347,113,58,1,n1308-1
236.27734,0.111328125,236.27734,0.111328125,242460,114,69,1,n1309-1
236.38867,0.111328125,236.38867,0.111328125,242574,114,70,1,n1310-1
236.5,0.16699219,236.5,0.16699219,242688,171,72,1,n1311-1
236.66699,0.11035156,236.66699,0.11035156,242859,113,63,1,n1312-1
236.77734,0.111328125,236.77734,0.111328125,242972,114,74,1,n1313-1
236.88867,0.111328125,236.88867,0.111328125,243086,114,75,1,n1314-1
237.5,0.5,237.5,0.5,243712,512,33,4,n1318-1
237.5,0.5,237.5,0.5,243712,512,45,4,n1319-1
238.0,1.0,238.0,1.0,244224,1024,38,4,n1328-1
238.0,1.0,238.0,1.0,244224,1024,50,4,n1329-1
238.0,0.16699219,238.0,0.16699219,244224,171,66,1,n1320-1
238.16699,0.11035156,238.16699,0.11035156,244395,113,57,1,n1321-1
238.27734,0.111328125,238.27734,0.111328125,244508,114,67,1,n1322-1
238.38867,0.111328125,238.38867,0.111328125,244622,114,69,1,n1323-1
238.5,0.16699219,238.5,0.16699219,244736,171,72,1,n1324-1
238.66699,0.11035156,238.66699,0.11035156,244907,113,63,1,n1325-1
238.77734,0.111328125,238.77734,0.111328125,245020,114,74,1,n1326-1
238.88867,0.111328125,238.88867,0.111328125,245134,114,75,1,n1327-1
239.5,0.5,239.5,0.5,245760,512,32,4,n1331-1
239.5,0.5,239.5,0.5,245760,512,44,4,n1332-1
240.0,1.0,240.0,1.0,246272,1024,38,4,n1341-1
240.0,1.0,240.0,1.0,246272,1024,50,4,n1342-1
240.0,0.16699219,240.0,0.16699219,246272,171,66,1,n1333-1
240.16699,0.11035156,240.16699,0.11035156,246443,113,57,1,n1334-1
240.27734,0.111328125,240.27734,0.111328125,246556,114,67,1,n1335-1
240.38867,0.111328125,240.38867,0.111328125,246670,114,69,1,n1336-1
240.5,0.16699219,240.5,0.16699219,246784,171,72,1,n1337-1
240.66699,0.11035156,240.66699,0.11035156,246955,113,63,1,n1338-1
240.77734,0.111328125,240.77734,0.111328125,247068,114,74,1,n1339-1
240.88867,0.111328125,240.88867,0.111328125,247182,114,75,1,n1340-1
241.5,0.5,241.5,0.5,247808,512,33,4,n1344-1
241.5,0.5,241.5,0.5,247808,512,45,4,n1345-1
242.0,2.0,242.0,2.0,248320,2048,38,4,n1354-1
242.0,2.0,242.0,2.0,248320,2048,50,4,n1355-1
242.0,0.16699219,242.0,0.16699219,248320,171,66,1,n1346-1
242.16699,0.11035156,242.16699,0.11035156,248491,113,57,1,n1347-1
242.27734,0.111328125,242.27734,0.111328125,248604,114,67,1,n1348-1
242.38867,0.111328125,242.38867,0.111328125,248718,114,69,1,n1349-1
242.5,0.16699219,242.5,0.16699219,248832,171,60,1,n1350-1
242.66699,0.11035156,242.66699,0.11035156,249003,113,57,1,n1351-1
242.77734,0.111328125,242.77734,0.111328125,249116,114,62,1,n1352-1
242.88867,0.111328125,242.88867,0.111328125,249230,114,63,1,n1353-1
244.0,1.0,244.0,1.0,250368,1024,38,5,n1363-1
244.0,0.16699219,244.0,0.16699219,250368,171,54,4,n1357-1
244.16699,0.11035156,244.16699,0.11035156,250539,113,50,4,n1358-1
244.27734,0.111328125,244.27734,0.111328125,250652,114,55,4,n1359-1
244.38867,0.111328125,244.38867,0.111328125,250766,114,57,4,n1360-1
244.5,0.5,244.5,0.5,250880,512,50,4,n1361-1
245.0,0.5,245.0,0.5,251392,512,50,4,n1362-1
245.5,0.5,245.5,0.5,251904,512,38,5,n1364-1
246.0,3.0,246.0,3.0,252416,3072,31,5,n1374-1
246.0,3.0,246.0,3.0,252416,3072,43,5,n1375-1
246.0,0.16699219,246.0,0.16699219,252416,171,55,4,n1366-1
246.16699,0.11035156,246.16699,0.11035156,252587,113,50,4,n1367-1
246.27734,0.111328125,246.27734,0.111328125,252700,114,57,4,n1368-1
246.38867,0.111328125,246.38867,0.111328125,252814,114,58,4,n1369-1
246.5,0.16699219,246.5,0.16699219,252928,171,57,4,n1370-1
246.66699,0.11035156,246.66699,0.11035156,253099,113,50,4,n1371-1
246.77734,0.111328125,246.77734,0.111328125,253212,114,58,4,n1372-1
246.88867,0.111328125,246.88867,0.111328125,253326,114,60,4,n1373-1
248.0,0.16699219,248.0,0.16699219,254464,171,58,4,n1377-1
248.16699,0.11035156,248.16699,0.11035156,254635,113,50,4,n1378-1
248.27734,0.111328125,248.27734,0.111328125,254748,114,60,4,n1379-1
248.38867,0.111328125,248.38867,0.111328125,254862,114,62,4,n1380-1
248.5,0.16699219,248.5,0.16699219,254976,171,55,4,n1381-1
248.66699,0.11035156,248.66699,0.11035156,255147,113,50,4,n1382-1
248.77734,0.111328125,248.77734,0.111328125,255260,114,57,4,n1383-1
248.88867,0.111328125,248.88867,0.111328125,255374,114,58,4,n1384-1
249.5,0.5,249.5,0.5,256000,512,34,5,n1387-1
249.5,0.5,249.5,0.5,256000,512,46,5,n1388-1
250.0,1.0,250.0,1.0,256512,1024,36,5,n1398-1
250.0,1.0,250.0,1.0,256512,1024,48,5,n1399-1
250.0,0.16699219,250.0,0.16699219,256512,171,57,4,n1390-1
250.16699,0.11035156,250.16699,0.11035156,256683,113,51,4,n1391-1
250.27734,0.111328125,250.27734,0.111328125,256796,114,58,4,n1392-1
250.38867,0.111328125,250.38867,0.111328125,256910,114,60,4,n1393-1
250.5,0.16699219,250.5,0.16699219,257024,171,59,4,n1394-1
250.66699,0.11035156,250.66699,0.11035156,257195,113,53,4,n1395-1
250.77734,0.111328125,250.77734,0.111328125,257308,114,60,4,n1396-1
250.88867,0.111328125,250.88867,0.111328125,257422,114,62,4,n1397-1
251.0,1.0,251.0,1.0,257536,1024,38,5,n1400-1
251.0,1.0,251.0,1.0,257536,1024,50,5,n1401-1
252.0,1.0,252.0,1.0,258560,1024,39,5,n1411-1
252.0,1.0,252.0,1.0,258560,1024,51,5,n1412-1
252.0,0.16699219,252.0,0.16699219,258560,171,60,4,n1403-1
252.16699,0.11035156,252.16699,0.11035156,258731,113,55,4,n1404-1
252.27734,0.111328125,252.27734,0.111328125,258844,114,62,4,n1405-1
252.38867,0.111328125,252.38867,0.111328125,258958,114,63,4,n1406-1
252.5,0.16699219,252.5,0.16699219,259072,171,59,4,n1407-1
252.66699,0.11035156,252.66699,0.11035156,259243,113,53,4,n1408-1
252.77734,0.111328125,252.77734,0.111328125,259356,114,60,4,n1409-1
252.88867,0.111328125,252.88867,0.111328125,259470,114,62,4,n1410-1
253.5,0.5,253.5,0.5,260096,512,38,5,n1413-1
253.5,0.5,253.5,0.5,260096,512,50,5,n1414-1
254.0,1.0,254.0,1.0,260608,1024,39,4,n1424-1
254.0,1.0,254.0,1.0,260608,1024,51,4,n1425-1
254.0,0.16699219,254.0,0.16699219,260608,171,60,1,n1415-1
254.16699,0.11035156,254.16699,0.11035156,260779,113,55,1,n1416-1
254.27734,0.111328125,254.27734,0.111328125,260892,114,62,1,n1417-1
254.38867,0.111328125,254.38867,0.111328125,261006,114,63,1,n1418-1
254.5,0.25,254.5,0.25,261120,256,60,1,n1419-1
254.75,0.16699219,254.75,0.16699219,261376,171,62,1,n1420-1
254.91699,0.11035156,254.91699,0.11035156,261547,113,55,1,n1421-1
255.0,1.0,255.0,1.0,261632,1024,38,4,n1426-1
255.0,1.0,255.0,1.0,261632,1024,50,4,n1427-1
255.02734,0.111328125,255.02734,0.111328125,261660,114,63,1,n1422-1
255.13867,0.111328125,255.13867,0.111328125,261774,114,65,1,n1423-1
256.0,1.5,256.0,1.5,262656,1536,37,4,n1436-1
256.0,1.5,256.0,1.5,262656,1536,49,4,n1437-1
256.0,0.16699219,256.0,0.16699219,262656,171,64,1,n1428-1
256.167,0.11035156,256.167,0.11035156,262827,113,55,1,n1429-1
256.27734,0.111328125,256.27734,0.111328125,262940,114,66,1,n1430-1
256.38867,0.111328125,256.38867,0.111328125,263054,114,67,1,n1431-1
256.5,0.16699219,256.5,0.16699219,263168,171,67,1,n1432-1
256.667,0.11035156,256.667,0.11035156,263339,113,58,1,n1433-1
256.77734,0.111328125,256.77734,0.111328125,263452,114,69,1,n1434-1
256.88867,0.111328125,256.88867,0.111328125,263566,114,70,1,n1435-1
257.5,0.5,257.5,0.5,264192,512,37,4,n1438-1
257.5,0.5,257.5,0.5,264192,512,49,4,n1439-1
258.0,1.0,258.0,1.0,264704,1024,38,4,n1445-1
258.0,1.0,258.0,1.0,264704,1024,50,4,n1446-1
258.0,1.0,258.0,1.0,264704,1024,62,1,n1440-1
258.0,1.0,258.0,1.0,264704,1024,74,1,n1441-1
259.0,1.0,259.0,1.0,265728,1024,38,4,n1447-1
259.0,1.0,259.0,1.0,265728,1024,50,4,n1448-1
259.0,1.0,259.0,1.0,265728,1024,57,1,n1442-1
259.0,1.0,259.0,1.0,265728,1024,62,1,n1443-1
259.0,1.0,259.0,1.0,265728,1024,66,1,n1444-1
260.0,1.5,260.0,1.5,266752,1536,37,4,n1457-1
260.0,1.5,260.0,1.5,266752,1536,49,4,n1458-1
260.0,0.16699219,260.0,0.16699219,266752,171,64,1,n1449-1
260.167,0.11035156,260.167,0.11035156,266923,113,58,1,n1450-1
260.27734,0.111328125,260.27734,0.111328125,267036,114,66,1,n1451-1
260.38867,0.111328125,260.38867,0.111328125,267150,114,67,1,n1452-1
260.5,0.16699219,260.5,0.16699219,267264,171,67,1,n1453-1
260.667,0.11035156,260.667,0.11035156,267435,113,58,1,n1454-1
260.77734,0.111328125,260.77734,0.111328125,267548,114,69,1,n1455-1
260.88867,0.111328125,260.88867,0.111328125,267662,114,70,1,n1456-1
261.5,0.5,261.5,0.5,268288,512,37,4,n1459-1
261.5,0.5,261.5,0.5,268288,512,49,4,n1460-1
262.0,1.0,262.0,1.0,268800,1024,38,4,n1468-1
262.0,1.0,262.0,1.0,268800,1024,50,4,n1469-1
262.0,1.0,262.0,1.0,268800,1024,70,1,n1461-1
262.0,1.0,262.0,1.0,268800,1024,74,1,n1462-1
262.0,1.0,262.0,1.0,268800,1024,79,1,n1463-1
263.0,1.0,263.0,1.0,269824,1024,38,4,n1470-1
263.0,1.0,263.0,1.0,269824,1024,50,4,n1471-1
263.0,0.5,263.0,0.5,269824,512,66,1,n1464-1
263.0,0.5,263.0,0.5,269824,512,69,1,n1465-1
263.0,0.5,263.0,0.5,269824,512,74,1,n1466-1
263.5,0.5,263.5,0.5,270336,512,65,1,n1467-1
264.0,0.5,264.0,0.5,270848,512,31,4,n1480-1
264.0,0.5,264.0,0.5,270848,512,43,4,n1481-1
264.0,0.16699219,264.0,0.16699219,270848,171,80,1,n1472-1
264.167,0.11035156,264.167,0.11035156,271019,113,68,1,n1473-1
264.27734,0.111328125,264.27734,0.111328125,271132,114,79,1,n1474-1
264.38867,0.111328125,264.38867,0.111328125,271246,114,77,1,n1475-1
264.5,0.5,264.5,0.5,271360,512,56,4,n1482-1
264.5,0.16699219,264.5,0.16699219,271360,171,77,1,n1476-1
264.667,0.11035156,264.667,0.11035156,271531,113,65,1,n1477-1
264.77734,0.111328125,264.77734,0.111328125,271644,114,75,1,n1478-1
264.88867,0.111328125,264.88867,0.111328125,271758,114,74,1,n1479-1
265.0,0.16699219,265.0,0.16699219,271872,171,69,4,n1483-1
265.167,0.11035156,265.167,0.11035156,272043,113,56,4,n1484-1
265.27734,0.111328125,265.27734,0.111328125,272156,114,58,4,n1485-1
265.38867,0.111328125,265.38867,0.111328125,272270,114,59,4,n1486-1
265.5,0.16699219,265.5,0.16699219,272384,171,65,4,n1495-1
265.5,0.16699219,265.5,0.16699219,272384,171,74,1,n1487-1
265.667,0.11035156,265.667,0.11035156,272555,113,53,4,n1496-1
265.667,0.11035156,265.667,0.11035156,272555,113,62,1,n1488-1
265.77734,0.111328125,265.77734,0.111328125,272668,114,55,4,n1497-1
265.77734,0.111328125,265.77734,0.111328125,272668,114,72,1,n1489-1
265.88867,0.111328125,265.88867,0.111328125,272782,114,56,4,n1498-1
265.88867,0.111328125,265.88867,0.111328125,272782,114,71,1,n1490-1
266.0,0.16699219,266.0,0.16699219,272896,171,62,4,n1499-1
266.0,0.16699219,266.0,0.16699219,272896,171,71,1,n1491-1
266.167,0.11035156,266.167,0.11035156,273067,113,50,4,n1500-1
266.167,0.11035156,266.167,0.11035156,273067,113,59,1,n1492-1
266.27734,0.111328125,266.27734,0.111328125,273180,114,51,4,n1501-1
266.27734,0.111328125,266.27734,0.111328125,273180,114,68,1,n1493-1
266.38867,0.111328125,266.38867,0.111328125,273294,114,53,4,n1502-1
266.38867,0.111328125,266.38867,0.111328125,273294,114,67,1,n1494-1
266.5,0.5,266.5,0.5,273408,512,51,4,n1511-1
266.5,0.5,266.5,0.5,273408,512,63,4,n1512-1
266.5,0.16699219,266.5,0.16699219,273408,171,67,1,n1503-1
266.667,0.11035156,266.667,0.11035156,273579,113,60,1,n1504-1
266.77734,0.111328125,266.77734,0.111328125,273692,114,71,1,n1505-1
266.88867,0.111328125,266.88867,0.111328125,273806,114,72,1,n1506-1
267.0,0.16699219,267.0,0.16699219,273920,171,72,1,n1507-1
267.167,0.11035156,267.167,0.11035156,274091,113,63,1,n1508-1
267.27734,0.111328125,267.27734,0.111328125,274204,114,74,1,n1509-1
267.38867,0.111328125,267.38867,0.111328125,274318,114,75,1,n1510-1
267.5,1.5,267.5,1.5,274432,1536,31,4,n1514-1
267.5,1.5,267.5,1.5,274432,1536,43,4,n1515-1
268.5,0.16699219,268.5,0.16699219,275456,171,75,1,n1516-1
268.667,0.11035156,268.667,0.11035156,275627,113,67,1,n1517-1
268.77734,0.111328125,268.77734,0.111328125,275740,114,77,1,n1518-1
268.88867,0.111328125,268.88867,0.111328125,275854,114,79,1,n1519-1
269.0,0.5,269.0,0.5,275968,512,36,4,n1526-1
269.0,0.5,269.0,0.5,275968,512,48,4,n1527-1
269.0,0.16699219,269.0,0.16699219,275968,171,79,1,n1520-1
269.167,0.11035156,269.167,0.11035156,276139,113,72,1,n1521-1
269.27734,0.111328125,269.27734,0.111328125,276252,114,83,1,n1522-1
269.38867,0.111328125,269.38867,0.111328125,276366,114,84,1,n1523-1
269.5,0.5,269.5,0.5,276480,512,39,4,n1528-1
269.5,0.5,269.5,0.5,276480,512,51,4,n1529-1
270.0,0.5,270.0,0.5,276992,512,43,4,n1530-1
270.0,0.5,270.0,0.5,276992,512,55,4,n1531-1
270.5,0.5,270.5,0.5,277504,512,43,4,n1540-1
270.5,0.5,270.5,0.5,277504,512,45,4,n1541-1
270.5,0.5,270.5,0.5,277504,512,57,4,n1542-1
270.5,0.16699219,270.5,0.16699219,277504,171,87,1,n1532-1
270.667,0.11035156,270.667,0.11035156,277675,113,75,1,n1533-1
270.77734,0.111328125,270.77734,0.111328125,277788,114,86,1,n1534-1
270.88867,0.111328125,270.88867,0.111328125,277902,114,84,1,n1535-1
271.0,0.5,271.0,0.5,278016,512,66,4,n1543-1
271.0,0.16699219,271.0,0.16699219,278016,171,84,1,n1536-1
271.167,0.11035156,271.167,0.11035156,278187,113,72,1,n1537-1
271.27734,0.111328125,271.27734,0.111328125,278300,114,82,1,n1538-1
271.38867,0.111328125,271.38867,0.111328125,278414,114,81,1,n1539-1
271.5,0.16699219,271.5,0.16699219,278528,171,78,4,n1544-1
271.667,0.11035156,271.667,0.11035156,278699,113,66,4,n1545-1
271.77734,0.111328125,271.77734,0.111328125,278812,114,67,4,n1546-1
271.88867,0.111328125,271.88867,0.111328125,278926,114,69,4,n1547-1
272.0,0.16699219,272.0,0.16699219,279040,171,75,4,n1556-1
272.0,0.16699219,272.0,0.16699219,279040,171,81,1,n1548-1
272.167,0.11035156,272.167,0.11035156,279211,113,63,4,n1557-1
272.167,0.11035156,272.167,0.11035156,279211,113,69,1,n1549-1
272.27734,0.111328125,272.27734,0.111328125,279324,114,65,4,n1558-1
272.27734,0.111328125,272.27734,0.111328125,279324,114,79,1,n1550-1
272.38867,0.111328125,272.38867,0.111328125,279438,114,66,4,n1559-1
272.38867,0.111328125,272.38867,0.111328125,279438,114,78,1,n1551-1
272.5,0.16699219,272.5,0.16699219,279552,171,72,4,n1560-1
272.5,0.16699219,272.5,0.16699219,279552,171,78,1,n1552-1
272.667,0.11035156,272.667,0.11035156,279723,113,60,4,n1561-1
272.667,0.11035156,272.667,0.11035156,279723,113,66,1,n1553-1
272.77734,0.111328125,272.77734,0.111328125,279836,114,61,4,n1562-1
272.77734,0.111328125,272.77734,0.111328125,279836,114,75,1,n1554-1
272.88867,0.111328125,272.88867,0.111328125,279950,114,62,4,n1563-1
272.88867,0.111328125,272.88867,0.111328125,279950,114,74,1,n1555-1
273.0,0.5,273.0,0.5,280064,512,43,4,n1572-1
273.0,0.5,273.0,0.5,280064,512,55,4,n1573-1
273.0,0.16699219,273.0,0.16699219,280064,171,82,1,n1564-1
273.167,0.11035156,273.167,0.11035156,280235,113,70,1,n1565-1
273.27734,0.111328125,273.27734,0.111328125,280348,114,81,1,n1566-1
273.38867,0.111328125,273.38867,0.111328125,280462,114,79,1,n1567-1
273.5,0.5,273.5,0.5,280576,512,63,4,n1574-1
273.5,0.16699219,273.5,0.16699219,280576,171,79,1,n1568-1
273.667,0.11035156,273.667,0.11035156,280747,113,67,1,n1569-1
273.77734,0.111328125,273.77734,0.111328125,280860,114,77,1,n1570-1
273.88867,0.111328125,273.88867,0.111328125,280974,114,75,1,n1571-1
274.0,0.16699219,274.0,0.16699219,281088,171,75,4,n1575-1
274.167,0.11035156,274.167,0.11035156,281259,113,63,4,n1576-1
274.27734,0.111328125,274.27734,0.111328125,281372,114,65,4,n1577-1
274.38867,0.111328125,274.38867,0.111328125,281486,114,67,4,n1578-1
274.5,0.5,274.5,0.5,281600,512,55,4,n1587-1
274.5,0.16699219,274.5,0.16699219,281600,171,82,1,n1579-1
274.667,0.11035156,274.667,0.11035156,281771,113,70,1,n1580-1
274.77734,0.111328125,274.77734,0.111328125,281884,114,81,1,n1581-1
274.88867,0.111328125,274.88867,0.111328125,281998,114,79,1,n1582-1
275.0,0.5,275.0,0.5,282112,512,63,4,n1588-1
275.0,0.16699219,275.0,0.16699219,282112,171,79,1,n1583-1
275.167,0.11035156,275.167,0.11035156,282283,113,67,1,n1584-1
275.27734,0.111328125,275.27734,0.111328125,282396,114,77,1,n1585-1
275.38867,0.111328125,275.38867,0.111328125,282510,114,75,1,n1586-1
275.5,0.16699219,275.5,0.16699219,282624,171,75,4,n1589-1
275.667,0.11035156,275.667,0.11035156,282795,113,63,4,n1590-1
275.77734,0.111328125,275.77734,0.111328125,282908,114,65,4,n1591-1
275.88867,0.111328125,275.88867,0.111328125,283022,114,67,4,n1592-1
276.0,0.5,276.0,0.5,283136,512,55,4,n1601-1
276.0,0.16699219,276.0,0.16699219,283136,171,82,1,n1593-1
276.167,0.11035156,276.167,0.11035156,283307,113,70,1,n1594-1
276.27734,0.111328125,276.27734,0.111328125,283420,114,81,1,n1595-1
276.38867,0.111328125,276.38867,0.111328125,283534,114,79,1,n1596-1
276.5,0.5,276.5,0.5,283648,512,63,4,n1602-1
276.5,0.16699219,276.5,0.16699219,283648,171,79,1,n1597-1
276.667,0.11035156,276.667,0.11035156,283819,113,67,1,n1598-1
276.77734,0.111328125,276.77734,0.111328125,283932,114,77,1,n1599-1
276.88867,0.111328125,276.88867,0.111328125,284046,114,75,1,n1600-1
277.0,0.16699219,277.0,0.16699219,284160,171,75,4,n1603-1
277.167,0.11035156,277.167,0.11035156,284331,113,63,4,n1604-1
277.27734,0.111328125,277.27734,0.111328125,284444,114,65,4,n1605-1
277.38867,0.111328125,277.38867,0.111328125,284558,114,67,4,n1606-1
277.5,0.16699219,277.5,0.16699219,284672,171,72,4,n1615-1
277.5,0.16699219,277.5,0.16699219,284672,171,75,1,n1607-1
277.667,0.11035156,277.667,0.11035156,284843,113,60,4,n1616-1
277.667,0.11035156,277.667,0.11035156,284843,113,63,1,n1608-1
277.77734,0.111328125,277.77734,0.111328125,284956,114,62,4,n1617-1
277.77734,0.111328125,277.77734,0.111328125,284956,114,74,1,n1609-1
277.88867,0.111328125,277.88867,0.111328125,285070,114,63,4,n1618-1
277.88867,0.111328125,277.88867,0.111328125,285070,114,72,1,n1610-1
278.0,0.5,278.0,0.5,285184,512,66,4,n1619-1
278.0,0.16699219,278.0,0.16699219,285184,171,72,1,n1611-1
278.167,0.11035156,278.167,0.11035156,285355,113,60,1,n1612-1
278.27734,0.111328125,278.27734,0.111328125,285468,114,70,1,n1613-1
278.38867,0.111328125,278.38867,0.111328125,285582,114,69,1,n1614-1
278.5,0.5,278.5,0.5,285696,512,50,4,n1620-1
279.5,0.5,279.5,0.5,286720,512,43,4,n1629-1
279.5,0.16699219,279.5,0.16699219,286720,171,70,1,n1621-1
279.667,0.11035156,279.667,0.11035156,286891,113,58,1,n1622-1
279.77734,0.111328125,279.77734,0.111328125,287004,114,69,1,n1623-1
279.88867,0.111328125,279.88867,0.111328125,287118,114,67,1,n1624-1
280.0,0.5,280.0,0.5,287232,512,51,4,n1630-1
280.0,0.16699219,280.0,0.16699219,287232,171,67,1,n1625-1
280.167,0.11035156,280.167,0.11035156,287403,113,55,1,n1626-1
280.27734,0.111328125,280.27734,0.111328125,287516,114,65,1,n1627-1
280.38867,0.111328125,280.38867,0.111328125,287630,114,63,1,n1628-1
280.5,0.16699219,280.5,0.16699219,287744,171,63,4,n1631-1
280.667,0.11035156,280.667,0.11035156,287915,113,51,4,n1632-1
280.77734,0.111328125,280.77734,0.111328125,288028,114,53,4,n1633-1
280.88867,0.111328125,280.88867,0.111328125,288142,114,55,4,n1634-1
281.5,0.5,281.5,0.5,288768,512,43,4,n1643-1
281.5,0.16699219,281.5,0.16699219,288768,171,70,1,n1635-1
281.667,0.11035156,281.667,0.11035156,288939,113,58,1,n1636-1
281.77734,0.111328125,281.77734,0.111328125,289052,114,69,1,n1637-1
281.88867,0.111328125,281.88867,0.111328125,289166,114,67,1,n1638-1
282.0,0.5,282.0,0.5,289280,512,51,4,n1644-1
282.0,0.16699219,282.0,0.16699219,289280,171,67,1,n1639-1
282.167,0.11035156,282.167,0.11035156,289451,113,55,1,n1640-1
282.27734,0.111328125,282.27734,0.111328125,289564,114,65,1,n1641-1
282.38867,0.111328125,282.38867,0.111328125,289678,114,63,1,n1642-1
282.5,0.16699219,282.5,0.16699219,289792,171,63,4,n1645-1
282.667,0.11035156,282.667,0.11035156,289963,113,51,4,n1646-1
282.77734,0.111328125,282.77734,0.111328125,290076,114,53,4,n1647-1
282.88867,0.111328125,282.88867,0.111328125,290190,114,55,4,n1648-1
283.5,0.5,283.5,0.5,290816,512,43,4,n1657-1
283.5,0.16699219,283.5,0.16699219,290816,171,70,1,n1649-1
283.667,0.11035156,283.667,0.11035156,290987,113,58,1,n1650-1
283.77734,0.111328125,283.77734,0.111328125,291100,114,69,1,n1651-1
283.88867,0.111328125,283.88867,0.111328125,291214,114,67,1,n1652-1
284.0,0.5,284.0,0.5,291328,512,51,4,n1658-1
284.0,0.16699219,284.0,0.16699219,291328,171,67,1,n1653-1
284.167,0.11035156,284.167,0.11035156,291499,113,55,1,n1654-1
284.27734,0.111328125,284.27734,0.111328125,291612,114,65,1,n1655-1
284.38867,0.111328125,284.38867,0.111328125,291726,114,63,1,n1656-1
284.5,0.16699219,284.5,0.16699219,291840,171,63,4,n1659-1
284.667,0.11035156,284.667,0.11035156,292011,113,51,4,n1660-1
284.77734,0.111328125,284.77734,0.111328125,292124,114,53,4,n1661-1
284.88867,0.111328125,284.88867,0.111328125,292238,114,55,4,n1662-1
285.5,0.16699219,285.5,0.16699219,292864,171,60,5,n1672-1
285.5,0.16699219,285.5,0.16699219,292864,171,63,4,n1664-1
285.667,0.16601562,285.667,0.16601562,293035,170,48,5,n1673-1
285.667,0.11035156,285.667,0.11035156,293035,113,51,4,n1665-1
285.77734,0.111328125,285.77734,0.111328125,293148,114,62,4,n1666-1
285.833,0.16699219,285.833,0.16699219,293205,171,50,5,n1674-1
285.88867,0.111328125,285.88867,0.111328125,293262,114,60,4,n1667-1
286.0,0.5,286.0,0.5,293376,512,51,5,n1675-1
286.0,0.16699219,286.0,0.16699219,293376,171,60,4,n1668-1
286.167,0.11035156,286.167,0.11035156,293547,113,48,4,n1669-1
286.27734,0.111328125,286.27734,0.111328125,293660,114,58,4,n1670-1
286.38867,0.111328125,286.38867,0.111328125,293774,114,57,4,n1671-1
286.5,0.5,286.5,0.5,293888,512,54,5,n1676-1
287.0,0.5,287.0,0.5,294400,512,38,5,n1677-1
287.5,0.5,287.5,0.5,294912,512,31,5,n1687-1
287.5,0.16699219,287.5,0.16699219,294912,171,58,4,n1679-1
287.667,0.11035156,287.667,0.11035156,295083,113,46,4,n1680-1
287.77734,0.111328125,287.77734,0.111328125,295196,114,57,4,n1681-1
287.88867,0.111328125,287.88867,0.111328125,295310,114,55,4,n1682-1
288.0,0.5,288.0,0.5,295424,512,38,5,n1688-1
288.0,0.16699219,288.0,0.16699219,295424,171,60,4,n1683-1
288.167,0.11035156,288.167,0.11035156,295595,113,48,4,n1684-1
288.27734,0.111328125,288.27734,0.111328125,295708,114,58,4,n1685-1
288.38867,0.111328125,288.38867,0.111328125,295822,114,57,4,n1686-1
288.5,0.5,288.5,0.5,295936,512,54,5,n1689-1
289.0,0.5,289.0,0.5,296448,512,38,5,n1690-1
289.5,0.5,289.5,0.5,296960,512,31,5,n1700-1
289.5,0.16699219,289.5,0.16699219,296960,171,58,4,n1692-1
289.667,0.11035156,289.667,0.11035156,297131,113,46,4,n1693-1
289.77734,0.111328125,289.77734,0.111328125,297244,114,57,4,n1694-1
289.88867,0.111328125,289.88867,0.111328125,297358,114,55,4,n1695-1
290.0,0.5,290.0,0.5,297472,512,38,5,n1701-1
290.0,0.16699219,290.0,0.16699219,297472,171,60,4,n1696-1
290.167,0.11035156,290.167,0.11035156,297643,113,48,4,n1697-1
290.27734,0.111328125,290.27734,0.111328125,297756,114,58,4,n1698-1
290.38867,0.111328125,290.38867,0.111328125,297870,114,57,4,n1699-1
290.5,0.5,290.5,0.5,297984,512,54,5,n1702-1
291.0,0.5,291.0,0.5,298496,512,38,5,n1703-1
291.5,2.0,291.5,2.0,299008,2048,31,5,n1713-1
291.5,2.0,291.5,2.0,299008,2048,43,5,n1714-1
291.5,0.16699219,291.5,0.16699219,299008,171,62,4,n1709-1
291.667,0.11035156,291.667,0.11035156,299179,113,50,4,n1710-1
291.77734,0.111328125,291.77734,0.111328125,299292,114,60,4,n1711-1
291.88867,0.111328125,291.88867,0.111328125,299406,114,58,4,n1712-1
292.5,0.16699219,292.5,0.16699219,300032,171,67,1,n1705-1
292.667,0.11035156,292.667,0.11035156,300203,113,55,1,n1706-1
292.77734,0.111328125,292.77734,0.111328125,300316,114,63,1,n1707-1
292.88867,0.111328125,292.88867,0.111328125,300430,114,62,1,n1708-1
293.5,1.0,293.5,1.0,301056,1024,31,4,n1723-1
293.5,1.0,293.5,1.0,301056,1024,43,4,n1724-1
293.5,0.16699219,293.5,0.16699219,301056,171,70,1,n1715-1
293.667,0.11035156,293.667,0.11035156,301227,113,58,1,n1716-1
293.77734,0.111328125,293.77734,0.111328125,301340,114,69,1,n1717-1
293.88867,0.111328125,293.88867,0.111328125,301454,114,67,1,n1718-1
294.0,0.16699219,294.0,0.16699219,301568,171,74,1,n1719-1
294.167,0.11035156,294.167,0.11035156,301739,113,62,1,n1720-1
294.27734,0.111328125,294.27734,0.111328125,301852,114,70,1,n1721-1
294.38867,0.111328125,294.38867,0.111328125,301966,114,69,1,n1722-1
295.0,0.5,295.0,0.5,302592,512,38,4,n1726-1
295.0,0.5,295.0,0.5,302592,512,50,4,n1727-1
295.5,2.0,295.5,2.0,303104,2048,31,4,n1736-1
295.5,2.0,295.5,2.0,303104,2048,43,4,n1737-1
295.5,0.16699219,295.5,0.16699219,303104,171,79,1,n1728-1
295.667,0.11035156,295.667,0.11035156,303275,113,67,1,n1729-1
295.77734,0.111328125,295.77734,0.111328125,303388,114,75,1,n1730-1
295.88867,0.111328125,295.88867,0.111328125,303502,114,74,1,n1731-1
296.0,0.16699219,296.0,0.16699219,303616,171,82,1,n1732-1
296.167,0.11035156,296.167,0.11035156,303787,113,70,1,n1733-1
296.27734,0.111328125,296.27734,0.111328125,303900,114,81,1,n1734-1
296.38867,0.111328125,296.38867,0.111328125,304014,114,79,1,n1735-1
297.5,1.0,297.5,1.0,305152,1024,31,6,n1746-1
297.5,1.0,297.5,1.0,305152,1024,43,6,n1747-1
297.5,0.16699219,297.5,0.16699219,305152,171,86,1,n1738-1
297.667,0.11035156,297.667,0.11035156,305323,113,74,1,n1739-1
297.77734,0.111328125,297.77734,0.111328125,305436,114,84,1,n1740-1
297.88867,0.111328125,297.88867,0.111328125,305550,114,82,1,n1741-1
298.0,0.16699219,298.0,0.16699219,305664,171,91,1,n1742-1
298.167,0.11035156,298.167,0.11035156,305835,113,79,1,n1743-1
298.27734,0.111328125,298.27734,0.111328125,305948,114,87,1,n1744-1
298.38867,0.111328125,298.38867,0.111328125,306062,114,86,1,n1745-1
299.0,0.5,299.0,0.5,306688,512,38,6,n1749-1
299.0,0.5,299.0,0.5,306688,512,50,6,n1750-1
299.5,0.5,299.5,0.5,307200,512,31,6,n1756-1
299.5,0.5,299.5,0.5,307200,512,43,6,n1757-1
299.5,1.0,299.5,1.0,307200,1024,82,1,n1751-1
299.5,1.0,299.5,1.0,307200,1024,94,1,n1752-1
300.5,1.0,300.5,1.0,308224,1024,79,1,n1753-1
300.5,1.0,300.5,1.0,308224,1024,91,1,n1754-1
301.0,0.5,301.0,0.5,308736,512,82,4,n1755-1
301.5,1.0,301.5,1.0,309248,1024,74,1,n1760-1
301.5,0.5,301.5,0.5,309248,512,82,2,n1764-1
301.5,1.0,301.5,1.0,309248,1024,86,1,n1761-1
302.0,1.0,302.0,1.0,309760,1024,79,2,n1765-1
302.5,1.0,302.5,1.0,310272,1024,70,1,n1762-1
302.5,0.5,302.5,0.5,310272,512,74,4,n1766-1
302.5,1.0,302.5,1.0,310272,1024,82,1,n1763-1
303.5,1.0,303.5,1.0,311296,1024,67,1,n1767-1
303.5,0.5,303.5,0.5,311296,512,74,2,n1771-1
303.5,1.0,303.5,1.0,311296,1024,79,1,n1768-1
304.0,1.0,304.0,1.0,311808,1024,70,2,n1772-1
304.5,1.0,304.5,1.0,312320,1024,62,1,n1769-1
304.5,1.0,304.5,1.0,312320,1024,74,1,n1770-1
305.0,1.0,305.0,1.0,312832,1024,67,2,n1773-1
305.5,1.0,305.5,1.0,313344,1024,58,1,n1775-1
305.5,1.0,305.5,1.0,313344,1024,70,1,n1776-1
306.0,1.0,306.0,1.0,313856,1024,62,2,n1780-1
306.5,1.0,306.5,1.0,314368,1024,55,1,n1777-1
306.5,1.0,306.5,1.0,314368,1024,67,1,n1778-1
307.0,0.5,307.0,0.5,314880,512,58,2,n1781-1
307.5,2.0,307.5,2.0,315392,2048,48,6,n1789-1
307.5,1.0,307.5,1.0,315392,1024,55,2,n1786-1
307.5,2.0,307.5,2.0,315392,2048,60,1,n1783-1
307.5,2.0,307.5,2.0,315392,2048,63,1,n1784-1
307.5,2.0,307.5,2.0,315392,2048,68,1,n1785-1
308.5,1.0,308.5,1.0,316416,1024,56,2,n1787-1
309.0,1.0,309.0,1.0,316928,1024,54,5,n1788-1
309.5,1.0,309.5,1.0,317440,1024,57,2,n1791-1
309.5,2.0,309.5,2.0,317440,2048,69,1,n1790-1
310.0,1.0,310.0,1.0,317952,1024,51,5,n1794-1
310.5,1.0,310.5,1.0,318464,1024,60,2,n1792-1
311.0,2.5,311.0,2.5,318976,2560,48,5,n1795-1
311.5,2.5,311.5,2.5,319488,2560,48,4,n1802-1
311.5,2.0,311.5,2.0,319488,2048,60,2,n1798-1
311.5,1.0,311.5,1.0,319488,1024,63,3,n1800-1
311.5,2.0,311.5,2.0,319488,2048,63,2,n1799-1
311.5,4.0,311.5,4.0,319488,4096,69,1,n1797-1
312.0,1.0,312.0,1.0,320000,1024,45,5,n1804-1
312.5,1.0,312.5,1.0,320512,1024,66,3,n1801-1
313.0,1.0,313.0,1.0,321024,1024,42,5,n1805-1
313.5,2.0,313.5,2.0,321536,2048,48,4,n1812-1
313.5,2.0,313.5,2.0,321536,2048,60,2,n1808-1
313.5,2.0,313.5,2.0,321536,2048,63,2,n1809-1
313.5,2.0,313.5,2.0,321536,2048,65,1,n1806-1
313.5,1.0,313.5,1.0,321536,1024,69,3,n1810-1
314.0,1.0,314.0,1.0,322048,1024,39,5,n1814-1
314.5,1.0,314.5,1.0,322560,1024,72,3,n1811-1
315.0,0.5,315.0,0.5,323072,512,36,5,n1815-1
315.5,1.0,315.5,1.0,323584,1024,31,6,n1823-1
315.5,1.0,315.5,1.0,323584,1024,43,5,n1822-1
315.5,1.0,315.5,1.0,323584,1024,62,2,n1820-1
315.5,1.0,315.5,1.0,323584,1024,67,1,n1816-1
315.5,1.0,315.5,1.0,323584,1024,70,1,n1817-1
316.5,1.0,316.5,1.0,324608,1024,67,1,n1818-1
316.5,1.0,316.5,1.0,324608,1024,79,1,n1819-1
317.0,1.0,317.0,1.0,325120,1024,70,2,n1821-1
317.5,1.0,317.5,1.0,325632,1024,62,1,n1825-1
317.5,1.0,317.5,1.0,325632,1024,74,1,n1826-1
318.0,1.0,318.0,1.0,326144,1024,67,2,n1830-1
318.5,1.0,318.5,1.0,326656,1024,58,1,n1827-1
318.5,1.0,318.5,1.0,326656,1024,70,1,n1828-1
319.0,1.0,319.0,1.0,327168,1024,62,2,n1831-1
319.5,1.0,319.5,1.0,327680,1024,55,1,n1833-1
319.5,1.0,319.5,1.0,327680,1024,67,1,n1834-1
320.0,1.0,320.0,1.0,328192,1024,58,2,n1836-1
320.5,1.0,320.5,1.0,328704,1024,50,5,n1837-1
320.5,1.0,320.5,1.0,328704,1024,62,5,n1838-1
321.0,0.5,321.0,0.5,329216,512,55,6,n1840-1
321.5,1.0,321.5,1.0,329728,1024,46,6,n1842-1
321.5,0.5,321.5,0.5,329728,512,55,7,n1846-1
321.5,1.0,321.5,1.0,329728,1024,58,6,n1843-1
322.0,1.0,322.0,1.0,330240,1024,50,7,n1847-1
322.5,1.0,322.5,1.0,330752,1024,43,6,n1844-1
322.5,1.0,322.5,1.0,330752,1024,55,6,n1845-1
323.0,0.5,323.0,0.5,331264,512,46,7,n1848-1
323.5,2.0,323.5,2.0,331776,2048,36,7,n1853-1
323.5,2.0,323.5,2.0,331776,2048,48,6,n1850-1
323.5,2.0,323.5,2.0,331776,2048,51,6,n1851-1
323.5,2.0,323.5,2.0,331776,2048,56,6,n1852-1
